,Name,Smiles,Binding
0,it1.0_AM-01_furan-piperazine-01,CCOC(=O)N1CCN(C(=O)N2CCN(C(=O)c3ccco3)CC2)CC1,False
3,it1.0_AM-04_furan-piperazine-01,O=C(c1ccco1)N1CCN(C(=O)N2CCN(CCO)CC2)CC1,False
5,it1.0_AM-07_furan-piperazine-01,O=C(c1ccco1)N1CCN(C(=O)N2CCN(c3ccccc3)CC2)CC1,False
6,it1.0_AM-09_furan-piperazine-01,CN1CCN(C(=O)N2CCN(C(=O)c3ccco3)CC2)CC1,False
7,it1.0_AM-10_furan-piperazine-01,COCCNC(=O)N1CCN(C(=O)c2ccco2)CC1,True
12,it1.0_AM-15_furan-piperazine-01,CCCCNC(=O)N1CCN(C(=O)c2ccco2)CC1,True
14,it1.0_AM-18_furan-piperazine-01,COc1ccc(NC(=O)N2CCN(C(=O)c3ccco3)CC2)c(F)c1,True
16,it1.0_AM-20_furan-piperazine-01,O=C(Nc1nc2ccccc2o1)N1CCN(C(=O)c2ccco2)CC1,True
18,it1.0_AM-25_furan-piperazine-01,COc1ccc(NC(=O)N2CCN(C(=O)c3ccco3)CC2)cc1,True
20,it1.0_AM-27_furan-piperazine-01,O=C(NCC1CC1)N1CCN(C(=O)c2ccco2)CC1,True
22,it1.0_AM-29_furan-piperazine-01,CCN(CC)C(=O)N1CCN(C(=O)c2ccco2)CC1,False
24,it1.0_AM-31_furan-piperazine-01,CC(C)NC(=O)N1CCN(C(=O)c2ccco2)CC1,True
25,it1.0_AM-32_furan-piperazine-01,O=C(NCC(F)(F)F)N1CCN(C(=O)c2ccco2)CC1,True
29,it1.0_AM-38_furan-piperazine-01,CS(=O)(=O)N1CCN(C(=O)N2CCN(C(=O)c3ccco3)CC2)CC1,False
31,it1.0_AM-40_furan-piperazine-01,CC(C)C(=O)N1CCN(C(=O)N2CCN(C(=O)c3ccco3)CC2)CC1,False
32,it1.0_AM-42_furan-piperazine-01,O=C(Nc1nc2ccccc2[nH]1)N1CCN(C(=O)c2ccco2)CC1,False
33,it1.0_AM-43_furan-piperazine-01,Nc1ccc(CC(=O)NC(=O)N2CCN(C(=O)c3ccco3)CC2)cc1,False
35,it1.0_AM-46_furan-piperazine-01,O=C(c1ccco1)N1CCN(C(=O)N2CCNCC2=O)CC1,False
36,it1.0_AM-47_furan-piperazine-01,O=C(c1ccco1)N1CCN(C(=O)N2CCN(Cc3ccco3)CC2)CC1,False
39,it1.0_AM-50_furan-piperazine-01,O=C(Nc1ccc(F)cc1F)N1CCN(C(=O)c2ccco2)CC1,True
40,it1.0_AM-52_furan-piperazine-01,O=C(Nc1cccc(O)c1)N1CCN(C(=O)c2ccco2)CC1,False
42,it1.0_AM-54_furan-piperazine-01,O=C(NCc1cccs1)N1CCN(C(=O)c2ccco2)CC1,True
43,it1.0_AM-55_furan-piperazine-01,CN(C(=O)N1CCN(C(=O)c2ccco2)CC1)C1CCS(=O)(=O)C1,False
45,it1.0_AM-01_morpholine-01,CCOC(=O)N1CCN(C(=O)N2CCOCC2)CC1,False
48,it1.0_AM-04_morpholine-01,O=C(N1CCOCC1)N1CCN(CCO)CC1,False
49,it1.0_AM-06_morpholine-01,O=C(NC1CCCC1)N1CCOCC1,False
51,it1.0_AM-08_morpholine-01,O=C(N1CCOCC1)N1CCSCC1,False
52,it1.0_AM-10_morpholine-01,COCCNC(=O)N1CCOCC1,False
54,it1.0_AM-13_morpholine-01,O=C(NCCN1CCOCC1)N1CCOCC1,False
57,it1.0_AM-17_morpholine-01,O=C(Nc1ccc2ncsc2c1)N1CCOCC1,False
59,it1.0_AM-19_morpholine-01,CC(C)CCNC(=O)N1CCOCC1,False
60,it1.0_AM-20_morpholine-01,O=C(Nc1nc2ccccc2o1)N1CCOCC1,False
61,it1.0_AM-21_morpholine-01,CCCCCNC(=O)N1CCOCC1,False
62,it1.0_AM-22_morpholine-01,CC(C)CC(CO)NC(=O)N1CCOCC1,False
63,it1.0_AM-24_morpholine-01,CCCNC(=O)N1CCOCC1,False
67,it1.0_AM-29_morpholine-01,CCN(CC)C(=O)N1CCOCC1,False
68,it1.0_AM-30_morpholine-01,O=C(NC1CC1)N1CCOCC1,False
72,it1.0_AM-38_morpholine-01,CS(=O)(=O)N1CCN(C(=O)N2CCOCC2)CC1,False
73,it1.0_AM-40_morpholine-01,CC(C)C(=O)N1CCN(C(=O)N2CCOCC2)CC1,False
74,it1.0_AM-42_morpholine-01,O=C(Nc1nc2ccccc2[nH]1)N1CCOCC1,False
77,it1.0_AM-55_morpholine-01,CN(C(=O)N1CCOCC1)C1CCS(=O)(=O)C1,False
78,it2.0_CA-01_piperazine-01,O=C(Cc1c[nH]cn1)N1CCN(C(=O)c2ccco2)CC1,False
79,it2.0_CA-02_piperazine-01,O=C(c1ccco1)N1CCN(C(=O)c2scc3c2OCCO3)CC1,False
80,it2.0_CA-03_piperazine-01,O=C(c1ccco1)N1CCN(C(=O)C(O)c2ccccc2)CC1,False
82,it2.0_CA-05_piperazine-01,Cc1cc(C)c(C(=O)N2CCN(C(=O)c3ccco3)CC2)c(C)c1,False
83,it2.0_CA-06_piperazine-01,O=C(C#Cc1ccccc1)N1CCN(C(=O)c2ccco2)CC1,False
84,it2.0_CA-07_piperazine-01,O=C(CCc1ccc(Cl)cc1)N1CCN(C(=O)c2ccco2)CC1,False
86,it2.0_CA-09_piperazine-01,O=C(c1ccco1)N1CCN(C(=O)c2ccc3cccnc3c2O)CC1,False
87,it2.0_CA-10_piperazine-01,Cn1nccc1C(=O)N1CCN(C(=O)c2ccco2)CC1,False
88,it2.0_CA-11_piperazine-01,COc1cccc(OC)c1C(=O)N1CCN(C(=O)c2ccco2)CC1,False
90,it2.0_CA-13_piperazine-01,O=C(Cc1ccc(Cl)nc1)N1CCN(C(=O)c2ccco2)CC1,False
92,it2.0_CA-15_piperazine-01,O=C(CCc1ccccc1)N1CCN(C(=O)c2ccco2)CC1,False
93,it2.0_CA-16_piperazine-01,COc1cc(CC(=O)N2CCN(C(=O)c3ccco3)CC2)ccc1O,False
95,it2.0_CA-19_piperazine-01,O=C(c1ccc2ncccc2c1)N1CCN(C(=O)c2ccco2)CC1,False
96,it2.0_CA-20_piperazine-01,O=C(c1ccco1)N1CCN(C(=O)c2ccccc2O)CC1,False
97,it2.0_CA-21_piperazine-01,O=C(c1ccco1)N1CCN(C(=O)c2ccccc2I)CC1,False
98,it2.0_CA-23_piperazine-01,O=C(c1c[nH]cn1)N1CCN(C(=O)c2ccco2)CC1,False
99,it2.0_CA-25_piperazine-01,COc1ccc(OC)c(CC(=O)N2CCN(C(=O)c3ccco3)CC2)c1,False
100,it2.0_CA-26_piperazine-01,O=C(c1ccco1)N1CCN(C(=O)c2sc3ccccc3c2Cl)CC1,False
102,it2.0_CA-28_piperazine-01,CC(C)(C)OC(=O)N1CCCCC1C(=O)N1CCN(C(=O)c2ccco2)CC1,False
103,it2.0_CA-29_piperazine-01,Cc1cc([N+](=O)[O-])ccc1C(=O)N1CCN(C(=O)c2ccco2)CC1,False
104,it2.0_CA-30_piperazine-01,C#CCCCC(=O)N1CCN(C(=O)c2ccco2)CC1,False
105,it2.0_CA-31_piperazine-01,O=C(/C=C/c1ccc([N+](=O)[O-])cc1)N1CCN(C(=O)c2ccco2)CC1,False
106,it2.0_CA-32_piperazine-01,COC(=O)CCCCCCC(=O)N1CCN(C(=O)c2ccco2)CC1,False
108,it2.0_CA-35_piperazine-01,Cn1cccc1C(=O)N1CCN(C(=O)c2ccco2)CC1,False
109,it2.0_CA-36_piperazine-01,O=C(c1cc(O)c2cccc(O)c2n1)N1CCN(C(=O)c2ccco2)CC1,False
110,it2.0_CA-37_piperazine-01,COc1cccc(C(=O)N2CCN(C(=O)c3ccco3)CC2)c1,False
111,it2.0_CA-38_piperazine-01,O=C(c1ccc([N+](=O)[O-])cc1)N1CCN(C(=O)c2ccco2)CC1,False
112,it2.0_CA-39_piperazine-01,O=C(c1ccc2cccc(O)c2n1)N1CCN(C(=O)c2ccco2)CC1,False
113,it2.0_CA-40_piperazine-01,CCCCCCCCCCCCCCCC(=O)N1CCN(C(=O)c2ccco2)CC1,False
114,it2.0_CA-41_piperazine-01,O=C(c1ccco1)N1CCN(C(=O)C2COc3ccccc3O2)CC1,False
116,it2.0_CA-43_piperazine-01,O=C(c1cncc(Br)c1)N1CCN(C(=O)c2ccco2)CC1,False
117,it2.0_CA-44_piperazine-01,C=CCCC(=O)N1CCN(C(=O)c2ccco2)CC1,False
118,it2.0_CA-45_piperazine-01,O=C(c1ccco1)N1CCN(C(=O)c2ccc([N+](=O)[O-])o2)CC1,False
119,it2.0_CA-46_piperazine-01,CC(O)C(=O)N1CCN(C(=O)c2ccco2)CC1,False
120,it2.0_CA-47_piperazine-01,CC(c1ccccc1)N1CC(C(=O)N2CCN(C(=O)c3ccco3)CC2)CC1=O,False
121,it2.0_CA-48_piperazine-01,O=C(CN1CCS(=O)(=O)CC1)N1CCN(C(=O)c2ccco2)CC1,False
122,it2.0_CA-49_piperazine-01,CNC(=O)C1(C(=O)N2CCN(C(=O)c3ccco3)CC2)CC1,False
123,it2.0_CA-51_piperazine-01,CNc1ccccc1C(=O)N1CCN(C(=O)c2ccco2)CC1,False
124,it2.0_CA-52_piperazine-01,Cc1cc(C)nc(C(=O)N2CCN(C(=O)c3ccco3)CC2)c1,False
126,it2.0_CA-54_piperazine-01,Cc1ccc(F)cc1C(=O)N1CCN(C(=O)c2ccco2)CC1,False
127,it2.0_CA-55_piperazine-01,Cc1cccc(CC(=O)N2CCN(C(=O)c3ccco3)CC2)c1,False
128,it2.0_CA-56_piperazine-01,O=C(c1ccc(Cl)c(Cl)c1)N1CCN(C(=O)c2ccco2)CC1,False
129,it2.0_CA-57_piperazine-01,Cc1ccccc1CC(=O)N1CCN(C(=O)c2ccco2)CC1,False
130,it2.0_CA-58_piperazine-01,O=C(c1cccc(O)c1)N1CCN(C(=O)c2ccco2)CC1,False
131,it2.0_CA-59_piperazine-01,O=C(Cc1cccc(O)c1)N1CCN(C(=O)c2ccco2)CC1,False
132,it2.0_CA-60_piperazine-01,COc1cccc(CC(=O)N2CCN(C(=O)c3ccco3)CC2)c1,False
133,it2.0_CA-61_piperazine-01,O=C(c1ccco1)N1CCN(C(=O)C(F)(F)F)CC1,False
134,it2.0_CA-63_piperazine-01,O=C(c1ccco1)N1CCN(C(=O)[C@@H]2CCCN2)CC1,False
135,it2.0_CA-64_piperazine-01,O=C(c1ccccc1)N1CCN(C(=O)c2ccco2)CC1,False
136,it3.0_AM-01_Imid-04_CA-02,COCCNC(=O)N1CCN(C(=O)c2scc3c2OCCO3)CC1,False
137,it3.0_AM-01_Imid-04_CA-05,COCCNC(=O)N1CCN(C(=O)c2c(C)cc(C)cc2C)CC1,False
138,it3.0_AM-01_Imid-04_CA-06,COCCNC(=O)N1CCN(C(=O)C#Cc2ccccc2)CC1,False
139,it3.0_AM-01_Imid-04_CA-07,COCCNC(=O)N1CCN(C(=O)CCc2ccc(Cl)cc2)CC1,False
140,it3.0_AM-01_Imid-04_CA-10,COCCNC(=O)N1CCN(C(=O)c2ccnn2C)CC1,False
141,it3.0_AM-01_Imid-04_CA-11,COCCNC(=O)N1CCN(C(=O)c2c(OC)cccc2OC)CC1,False
142,it3.0_AM-01_Imid-04_CA-13,COCCNC(=O)N1CCN(C(=O)Cc2ccc(Cl)nc2)CC1,False
143,it3.0_AM-01_Imid-04_CA-15,COCCNC(=O)N1CCN(C(=O)CCc2ccccc2)CC1,False
144,it3.0_AM-01_Imid-04_CA-18,COCCNC(=O)N1CCN(C(=O)c2ccc3ncsc3c2)CC1,False
145,it3.0_AM-01_Imid-04_CA-21,COCCNC(=O)N1CCN(C(=O)c2ccccc2I)CC1,False
146,it3.0_AM-01_Imid-04_CA-26,COCCNC(=O)N1CCN(C(=O)c2sc3ccccc3c2Cl)CC1,False
147,it3.0_AM-01_Imid-04_CA-27,COCCNC(=O)N1CCN(C(=O)C(c2ccccc2)c2ccccc2)CC1,False
148,it3.0_AM-01_Imid-04_CA-28,COCCNC(=O)N1CCN(C(=O)C2CCCCN2C(=O)OC(C)(C)C)CC1,False
149,it3.0_AM-01_Imid-04_CA-29,COCCNC(=O)N1CCN(C(=O)c2ccc([N+](=O)[O-])cc2C)CC1,False
150,it3.0_AM-01_Imid-04_CA-30,C#CCCCC(=O)N1CCN(C(=O)NCCOC)CC1,False
151,it3.0_AM-01_Imid-04_CA-31,COCCNC(=O)N1CCN(C(=O)/C=C/c2ccc([N+](=O)[O-])cc2)CC1,False
152,it3.0_AM-01_Imid-04_CA-32,COCCNC(=O)N1CCN(C(=O)CCCCCCC(=O)OC)CC1,False
153,it3.0_AM-01_Imid-04_CA-34,COCCNC(=O)N1CCN(C(=O)c2ccc(C)cc2)CC1,False
155,it3.0_AM-01_Imid-04_CA-37,COCCNC(=O)N1CCN(C(=O)c2cccc(OC)c2)CC1,False
156,it3.0_AM-01_Imid-04_CA-38,COCCNC(=O)N1CCN(C(=O)c2ccc([N+](=O)[O-])cc2)CC1,False
157,it3.0_AM-01_Imid-04_CA-39,COCCNC(=O)N1CCN(C(=O)c2ccc3cccc(O)c3n2)CC1,False
158,it3.0_AM-01_Imid-04_CA-41,COCCNC(=O)N1CCN(C(=O)C2COc3ccccc3O2)CC1,False
160,it3.0_AM-01_Imid-04_CA-44,C=CCCC(=O)N1CCN(C(=O)NCCOC)CC1,False
161,it3.0_AM-01_Imid-04_CA-45,COCCNC(=O)N1CCN(C(=O)c2ccc([N+](=O)[O-])o2)CC1,False
162,it3.0_AM-01_Imid-04_CA-47,COCCNC(=O)N1CCN(C(=O)C2CC(=O)N(C(C)c3ccccc3)C2)CC1,False
163,it3.0_AM-01_Imid-04_CA-55,COCCNC(=O)N1CCN(C(=O)Cc2cccc(C)c2)CC1,False
164,it3.0_AM-01_Imid-04_CA-57,COCCNC(=O)N1CCN(C(=O)Cc2ccccc2C)CC1,False
165,it3.0_AM-01_Imid-04_CA-60,COCCNC(=O)N1CCN(C(=O)Cc2cccc(OC)c2)CC1,False
166,it3.0_AM-01_Imid-04_CA-61,COCCNC(=O)N1CCN(C(=O)C(F)(F)F)CC1,False
167,it3.0_AM-02_Imid-04_CA-02,O=C(NCC1CC1)N1CCN(C(=O)c2scc3c2OCCO3)CC1,False
168,it3.0_AM-02_Imid-04_CA-06,O=C(C#Cc1ccccc1)N1CCN(C(=O)NCC2CC2)CC1,False
169,it3.0_AM-02_Imid-04_CA-07,O=C(CCc1ccc(Cl)cc1)N1CCN(C(=O)NCC2CC2)CC1,False
170,it3.0_AM-02_Imid-04_CA-08,Cc1ccc(C(=O)N2CCN(C(=O)NCC3CC3)CC2)cc1N,False
171,it3.0_AM-02_Imid-04_CA-09,O=C(NCC1CC1)N1CCN(C(=O)c2ccc3cccnc3c2O)CC1,False
172,it3.0_AM-02_Imid-04_CA-10,Cn1nccc1C(=O)N1CCN(C(=O)NCC2CC2)CC1,False
173,it3.0_AM-02_Imid-04_CA-11,COc1cccc(OC)c1C(=O)N1CCN(C(=O)NCC2CC2)CC1,False
174,it3.0_AM-02_Imid-04_CA-15,O=C(CCc1ccccc1)N1CCN(C(=O)NCC2CC2)CC1,False
175,it3.0_AM-02_Imid-04_CA-18,O=C(NCC1CC1)N1CCN(C(=O)c2ccc3ncsc3c2)CC1,False
176,it3.0_AM-02_Imid-04_CA-21,O=C(NCC1CC1)N1CCN(C(=O)c2ccccc2I)CC1,False
177,it3.0_AM-02_Imid-04_CA-24,COc1cccc(C(=O)N2CCN(C(=O)NCC3CC3)CC2)c1N,False
178,it3.0_AM-02_Imid-04_CA-25,COc1ccc(OC)c(CC(=O)N2CCN(C(=O)NCC3CC3)CC2)c1,False
179,it3.0_AM-02_Imid-04_CA-26,O=C(NCC1CC1)N1CCN(C(=O)c2sc3ccccc3c2Cl)CC1,False
180,it3.0_AM-02_Imid-04_CA-27,O=C(NCC1CC1)N1CCN(C(=O)C(c2ccccc2)c2ccccc2)CC1,False
181,it3.0_AM-02_Imid-04_CA-28,CC(C)(C)OC(=O)N1CCCCC1C(=O)N1CCN(C(=O)NCC2CC2)CC1,False
182,it3.0_AM-02_Imid-04_CA-29,Cc1cc([N+](=O)[O-])ccc1C(=O)N1CCN(C(=O)NCC2CC2)CC1,False
183,it3.0_AM-02_Imid-04_CA-31,O=C(/C=C/c1ccc([N+](=O)[O-])cc1)N1CCN(C(=O)NCC2CC2)CC1,False
184,it3.0_AM-02_Imid-04_CA-32,COC(=O)CCCCCCC(=O)N1CCN(C(=O)NCC2CC2)CC1,False
185,it3.0_AM-02_Imid-04_CA-34,Cc1ccc(C(=O)N2CCN(C(=O)NCC3CC3)CC2)cc1,False
187,it3.0_AM-02_Imid-04_CA-37,COc1cccc(C(=O)N2CCN(C(=O)NCC3CC3)CC2)c1,False
188,it3.0_AM-02_Imid-04_CA-38,O=C(NCC1CC1)N1CCN(C(=O)c2ccc([N+](=O)[O-])cc2)CC1,False
189,it3.0_AM-02_Imid-04_CA-39,O=C(NCC1CC1)N1CCN(C(=O)c2ccc3cccc(O)c3n2)CC1,False
190,it3.0_AM-02_Imid-04_CA-41,O=C(NCC1CC1)N1CCN(C(=O)C2COc3ccccc3O2)CC1,False
191,it3.0_AM-02_Imid-04_CA-42,O=C(NCC1CC1)N1CCN(C(=O)c2cccs2)CC1,True
192,it3.0_AM-02_Imid-04_CA-44,C=CCCC(=O)N1CCN(C(=O)NCC2CC2)CC1,False
193,it3.0_AM-02_Imid-04_CA-47,CC(c1ccccc1)N1CC(C(=O)N2CCN(C(=O)NCC3CC3)CC2)CC1=O,False
194,it3.0_AM-02_Imid-04_CA-55,Cc1cccc(CC(=O)N2CCN(C(=O)NCC3CC3)CC2)c1,False
196,it3.0_AM-02_Imid-04_CA-60,COc1cccc(CC(=O)N2CCN(C(=O)NCC3CC3)CC2)c1,False
197,it3.0_AM-02_Imid-04_CA-64,O=C(NCC1CC1)N1CCN(C(=O)c2ccccc2)CC1,False
198,it3.0_AM-03_Imid-04_CA-02,O=C(NCc1cccs1)N1CCN(C(=O)c2scc3c2OCCO3)CC1,False
199,it3.0_AM-03_Imid-04_CA-04,O=C(NCc1cccs1)N1CCN(C(=O)c2cocn2)CC1,False
200,it3.0_AM-03_Imid-04_CA-06,O=C(C#Cc1ccccc1)N1CCN(C(=O)NCc2cccs2)CC1,False
201,it3.0_AM-03_Imid-04_CA-07,O=C(CCc1ccc(Cl)cc1)N1CCN(C(=O)NCc2cccs2)CC1,False
202,it3.0_AM-03_Imid-04_CA-08,Cc1ccc(C(=O)N2CCN(C(=O)NCc3cccs3)CC2)cc1N,False
203,it3.0_AM-03_Imid-04_CA-09,O=C(NCc1cccs1)N1CCN(C(=O)c2ccc3cccnc3c2O)CC1,False
204,it3.0_AM-03_Imid-04_CA-10,Cn1nccc1C(=O)N1CCN(C(=O)NCc2cccs2)CC1,False
205,it3.0_AM-03_Imid-04_CA-11,COc1cccc(OC)c1C(=O)N1CCN(C(=O)NCc2cccs2)CC1,False
206,it3.0_AM-03_Imid-04_CA-13,O=C(Cc1ccc(Cl)nc1)N1CCN(C(=O)NCc2cccs2)CC1,False
208,it3.0_AM-03_Imid-04_CA-18,O=C(NCc1cccs1)N1CCN(C(=O)c2ccc3ncsc3c2)CC1,False
209,it3.0_AM-03_Imid-04_CA-21,O=C(NCc1cccs1)N1CCN(C(=O)c2ccccc2I)CC1,False
210,it3.0_AM-03_Imid-04_CA-22,O=C(NCc1cccs1)N1CCN(C(=O)C(C2CCCCC2)C2CCCCC2)CC1,False
211,it3.0_AM-03_Imid-04_CA-26,O=C(NCc1cccs1)N1CCN(C(=O)c2sc3ccccc3c2Cl)CC1,False
212,it3.0_AM-03_Imid-04_CA-27,O=C(NCc1cccs1)N1CCN(C(=O)C(c2ccccc2)c2ccccc2)CC1,False
213,it3.0_AM-03_Imid-04_CA-28,CC(C)(C)OC(=O)N1CCCCC1C(=O)N1CCN(C(=O)NCc2cccs2)CC1,False
214,it3.0_AM-03_Imid-04_CA-29,Cc1cc([N+](=O)[O-])ccc1C(=O)N1CCN(C(=O)NCc2cccs2)CC1,False
215,it3.0_AM-03_Imid-04_CA-30,C#CCCCC(=O)N1CCN(C(=O)NCc2cccs2)CC1,False
216,it3.0_AM-03_Imid-04_CA-31,O=C(/C=C/c1ccc([N+](=O)[O-])cc1)N1CCN(C(=O)NCc2cccs2)CC1,False
217,it3.0_AM-03_Imid-04_CA-32,COC(=O)CCCCCCC(=O)N1CCN(C(=O)NCc2cccs2)CC1,False
220,it3.0_AM-03_Imid-04_CA-37,COc1cccc(C(=O)N2CCN(C(=O)NCc3cccs3)CC2)c1,False
221,it3.0_AM-03_Imid-04_CA-41,O=C(NCc1cccs1)N1CCN(C(=O)C2COc3ccccc3O2)CC1,False
223,it3.0_AM-03_Imid-04_CA-44,C=CCCC(=O)N1CCN(C(=O)NCc2cccs2)CC1,False
224,it3.0_AM-03_Imid-04_CA-46,CC(O)C(=O)N1CCN(C(=O)NCc2cccs2)CC1,False
225,it3.0_AM-03_Imid-04_CA-47,CC(c1ccccc1)N1CC(C(=O)N2CCN(C(=O)NCc3cccs3)CC2)CC1=O,False
226,it3.0_AM-03_Imid-04_CA-54,Cc1ccc(F)cc1C(=O)N1CCN(C(=O)NCc2cccs2)CC1,False
227,it3.0_AM-03_Imid-04_CA-55,Cc1cccc(CC(=O)N2CCN(C(=O)NCc3cccs3)CC2)c1,False
228,it3.0_AM-03_Imid-04_CA-56,O=C(NCc1cccs1)N1CCN(C(=O)c2ccc(Cl)c(Cl)c2)CC1,False
229,it3.0_AM-03_Imid-04_CA-57,Cc1ccccc1CC(=O)N1CCN(C(=O)NCc2cccs2)CC1,False
231,it3.0_AM-03_Imid-04_CA-59,O=C(Cc1cccc(O)c1)N1CCN(C(=O)NCc2cccs2)CC1,False
232,it3.0_AM-03_Imid-04_CA-60,COc1cccc(CC(=O)N2CCN(C(=O)NCc3cccs3)CC2)c1,False
233,it3.0_AM-03_Imid-04_CA-61,O=C(NCc1cccs1)N1CCN(C(=O)C(F)(F)F)CC1,False
234,it3.0_AM-03_Imid-04_CA-64,O=C(NCc1cccs1)N1CCN(C(=O)c2ccccc2)CC1,False
235,it3.0_AM-04_Imid-04_CA-09,Cc1ccc(CN(C)C(=O)N2CCN(C(=O)c3ccc4cccnc4c3O)CC2)o1,False
236,it3.0_AM-04_Imid-04_CA-16,COc1cc(CC(=O)N2CCN(C(=O)N(C)Cc3ccc(C)o3)CC2)ccc1O,False
237,it3.0_AM-06_Imid-04_CA-02,O=C(NCC1CCCO1)N1CCN(C(=O)c2scc3c2OCCO3)CC1,False
238,it3.0_AM-06_Imid-04_CA-03,O=C(NCC1CCCO1)N1CCN(C(=O)C(O)c2ccccc2)CC1,False
239,it3.0_AM-06_Imid-04_CA-05,Cc1cc(C)c(C(=O)N2CCN(C(=O)NCC3CCCO3)CC2)c(C)c1,False
240,it3.0_AM-06_Imid-04_CA-06,O=C(C#Cc1ccccc1)N1CCN(C(=O)NCC2CCCO2)CC1,False
241,it3.0_AM-06_Imid-04_CA-07,O=C(CCc1ccc(Cl)cc1)N1CCN(C(=O)NCC2CCCO2)CC1,False
242,it3.0_AM-06_Imid-04_CA-11,COc1cccc(OC)c1C(=O)N1CCN(C(=O)NCC2CCCO2)CC1,False
243,it3.0_AM-06_Imid-04_CA-13,O=C(Cc1ccc(Cl)nc1)N1CCN(C(=O)NCC2CCCO2)CC1,False
244,it3.0_AM-06_Imid-04_CA-15,O=C(CCc1ccccc1)N1CCN(C(=O)NCC2CCCO2)CC1,False
245,it3.0_AM-06_Imid-04_CA-16,COc1cc(CC(=O)N2CCN(C(=O)NCC3CCCO3)CC2)ccc1O,False
246,it3.0_AM-06_Imid-04_CA-18,O=C(NCC1CCCO1)N1CCN(C(=O)c2ccc3ncsc3c2)CC1,False
247,it3.0_AM-06_Imid-04_CA-21,O=C(NCC1CCCO1)N1CCN(C(=O)c2ccccc2I)CC1,False
248,it3.0_AM-06_Imid-04_CA-25,COc1ccc(OC)c(CC(=O)N2CCN(C(=O)NCC3CCCO3)CC2)c1,False
249,it3.0_AM-06_Imid-04_CA-26,O=C(NCC1CCCO1)N1CCN(C(=O)c2sc3ccccc3c2Cl)CC1,False
250,it3.0_AM-06_Imid-04_CA-34,Cc1ccc(C(=O)N2CCN(C(=O)NCC3CCCO3)CC2)cc1,False
251,it3.0_AM-06_Imid-04_CA-37,COc1cccc(C(=O)N2CCN(C(=O)NCC3CCCO3)CC2)c1,False
252,it3.0_AM-06_Imid-04_CA-38,O=C(NCC1CCCO1)N1CCN(C(=O)c2ccc([N+](=O)[O-])cc2)CC1,False
253,it3.0_AM-06_Imid-04_CA-41,O=C(NCC1CCCO1)N1CCN(C(=O)C2COc3ccccc3O2)CC1,False
255,it3.0_AM-06_Imid-04_CA-52,Cc1cc(C)nc(C(=O)N2CCN(C(=O)NCC3CCCO3)CC2)c1,False
256,it3.0_AM-06_Imid-04_CA-54,Cc1ccc(F)cc1C(=O)N1CCN(C(=O)NCC2CCCO2)CC1,False
257,it3.0_AM-06_Imid-04_CA-55,Cc1cccc(CC(=O)N2CCN(C(=O)NCC3CCCO3)CC2)c1,False
258,it3.0_AM-06_Imid-04_CA-56,O=C(NCC1CCCO1)N1CCN(C(=O)c2ccc(Cl)c(Cl)c2)CC1,False
259,it3.0_AM-06_Imid-04_CA-59,O=C(Cc1cccc(O)c1)N1CCN(C(=O)NCC2CCCO2)CC1,False
260,it3.0_AM-06_Imid-04_CA-60,COc1cccc(CC(=O)N2CCN(C(=O)NCC3CCCO3)CC2)c1,False
261,it3.0_AM-07_Imid-04_CA-02,C=CCNC(=O)N1CCN(C(=O)c2scc3c2OCCO3)CC1,False
262,it3.0_AM-07_Imid-04_CA-06,C=CCNC(=O)N1CCN(C(=O)C#Cc2ccccc2)CC1,False
263,it3.0_AM-07_Imid-04_CA-07,C=CCNC(=O)N1CCN(C(=O)CCc2ccc(Cl)cc2)CC1,False
264,it3.0_AM-07_Imid-04_CA-11,C=CCNC(=O)N1CCN(C(=O)c2c(OC)cccc2OC)CC1,False
265,it3.0_AM-07_Imid-04_CA-13,C=CCNC(=O)N1CCN(C(=O)Cc2ccc(Cl)nc2)CC1,False
266,it3.0_AM-07_Imid-04_CA-21,C=CCNC(=O)N1CCN(C(=O)c2ccccc2I)CC1,False
267,it3.0_AM-07_Imid-04_CA-25,C=CCNC(=O)N1CCN(C(=O)Cc2cc(OC)ccc2OC)CC1,False
268,it3.0_AM-07_Imid-04_CA-26,C=CCNC(=O)N1CCN(C(=O)c2sc3ccccc3c2Cl)CC1,False
269,it3.0_AM-07_Imid-04_CA-27,C=CCNC(=O)N1CCN(C(=O)C(c2ccccc2)c2ccccc2)CC1,False
270,it3.0_AM-07_Imid-04_CA-29,C=CCNC(=O)N1CCN(C(=O)c2ccc([N+](=O)[O-])cc2C)CC1,False
271,it3.0_AM-07_Imid-04_CA-31,C=CCNC(=O)N1CCN(C(=O)/C=C/c2ccc([N+](=O)[O-])cc2)CC1,False
272,it3.0_AM-07_Imid-04_CA-41,C=CCNC(=O)N1CCN(C(=O)C2COc3ccccc3O2)CC1,False
273,it3.0_AM-07_Imid-04_CA-56,C=CCNC(=O)N1CCN(C(=O)c2ccc(Cl)c(Cl)c2)CC1,False
274,it3.0_AM-07_Imid-04_CA-57,C=CCNC(=O)N1CCN(C(=O)Cc2ccccc2C)CC1,False
275,it3.0_AM-07_Imid-04_CA-59,C=CCNC(=O)N1CCN(C(=O)Cc2cccc(O)c2)CC1,False
276,it3.0_AM-08_Imid-04_CA-15,O=C(CCc1ccccc1)N1CCN(C(=O)NCCO)CC1,False
277,it3.0_AM-08_Imid-04_CA-25,COc1ccc(OC)c(CC(=O)N2CCN(C(=O)NCCO)CC2)c1,False
278,it3.0_AM-08_Imid-04_CA-26,O=C(NCCO)N1CCN(C(=O)c2sc3ccccc3c2Cl)CC1,False
279,it3.0_AM-08_Imid-04_CA-27,O=C(NCCO)N1CCN(C(=O)C(c2ccccc2)c2ccccc2)CC1,False
280,it3.0_AM-08_Imid-04_CA-29,Cc1cc([N+](=O)[O-])ccc1C(=O)N1CCN(C(=O)NCCO)CC1,False
281,it3.0_AM-08_Imid-04_CA-34,Cc1ccc(C(=O)N2CCN(C(=O)NCCO)CC2)cc1,False
282,it3.0_AM-08_Imid-04_CA-37,COc1cccc(C(=O)N2CCN(C(=O)NCCO)CC2)c1,False
283,it3.0_AM-08_Imid-04_CA-41,O=C(NCCO)N1CCN(C(=O)C2COc3ccccc3O2)CC1,False
284,it3.0_AM-08_Imid-04_CA-56,O=C(NCCO)N1CCN(C(=O)c2ccc(Cl)c(Cl)c2)CC1,False
285,it3.5_AM-01_Imid-04_CA-02,COCCNC(=O)N1CCCN(C(=O)c2cocn2)CC1,False
286,it3.5_AM-01_Imid-04_CA-03,COCCNC(=O)N1CCCN(C(=O)c2ccc(C)c(N)c2)CC1,False
287,it3.5_AM-01_Imid-04_CA-05,COCCNC(=O)N1CCCN(C(=O)c2c(OC)cccc2OC)CC1,False
288,it3.5_AM-01_Imid-04_CA-08,COCCNC(=O)N1CCCN(C(=O)c2ccc3ncsc3c2)CC1,False
289,it3.5_AM-01_Imid-04_CA-13,COCCNC(=O)N1CCCN(C(=O)c2ccc(C)cc2)CC1,False
290,it3.5_AM-01_Imid-04_CA-14,COCCNC(=O)N1CCCN(C(=O)c2cccn2C)CC1,False
291,it3.5_AM-01_Imid-04_CA-15,COCCNC(=O)N1CCCN(C(=O)c2cccc(OC)c2)CC1,False
292,it3.5_AM-01_Imid-04_CA-18,COCCNC(=O)N1CCCN(C(=O)c2ccc([N+](=O)[O-])o2)CC1,False
293,it3.5_AM-01_Imid-04_CA-19,COCCNC(=O)N1CCCN(C(=O)C#Cc2ccccc2)CC1,False
294,it3.5_AM-01_Imid-04_CA-21,COCCNC(=O)N1CCCN(C(=O)CNC(=O)OC(C)(C)C)CC1,False
295,it3.5_AM-01_Imid-04_CA-22,COCCNC(=O)N1CCCN(C(=O)c2ccoc2)CC1,False
296,it3.5_AM-01_Imid-04_CA-23,COCCNC(=O)N1CCCN(C(=O)c2cscn2)CC1,False
297,it3.5_AM-01_Imid-04_CA-25,COCCNC(=O)N1CCCN(C(=O)c2ccc(C)o2)CC1,False
298,it3.5_AM-01_Imid-04_CA-29,COCCNC(=O)N1CCCN(C(=O)c2cc(C)c(C)o2)CC1,False
299,it3.5_AM-01_Imid-04_CA-30,COCCNC(=O)N1CCCN(C(=O)c2sccc2F)CC1,False
300,it3.5_AM-02_Imid-04_CA-01,O=C(NCC1CC1)N1CCCN(C(=O)c2scc3c2OCCO3)CC1,False
301,it3.5_AM-02_Imid-04_CA-03,Cc1ccc(C(=O)N2CCCN(C(=O)NCC3CC3)CC2)cc1N,False
302,it3.5_AM-02_Imid-04_CA-06,Cn1cnc(C(=O)N2CCCN(C(=O)NCC3CC3)CC2)c1,False
303,it3.5_AM-02_Imid-04_CA-07,O=C(NCC1CC1)N1CCCN(C(=O)c2ccccn2)CC1,False
304,it3.5_AM-02_Imid-04_CA-08,O=C(NCC1CC1)N1CCCN(C(=O)c2ccc3ncsc3c2)CC1,False
305,it3.5_AM-02_Imid-04_CA-12,O=C(Cc1ccccc1)N1CCCN(C(=O)NCC2CC2)CC1,False
306,it3.5_AM-02_Imid-04_CA-13,Cc1ccc(C(=O)N2CCCN(C(=O)NCC3CC3)CC2)cc1,False
307,it3.5_AM-02_Imid-04_CA-14,Cn1cccc1C(=O)N1CCCN(C(=O)NCC2CC2)CC1,False
308,it3.5_AM-02_Imid-04_CA-15,COc1cccc(C(=O)N2CCCN(C(=O)NCC3CC3)CC2)c1,False
310,it3.5_AM-02_Imid-04_CA-17,O=C(NCC1CC1)N1CCCN(C(=O)c2cncc(Br)c2)CC1,False
311,it3.5_AM-02_Imid-04_CA-18,O=C(NCC1CC1)N1CCCN(C(=O)c2ccc([N+](=O)[O-])o2)CC1,False
312,it3.5_AM-02_Imid-04_CA-19,O=C(C#Cc1ccccc1)N1CCCN(C(=O)NCC2CC2)CC1,False
313,it3.5_AM-02_Imid-04_CA-21,CC(C)(C)OC(=O)NCC(=O)N1CCCN(C(=O)NCC2CC2)CC1,False
314,it3.5_AM-02_Imid-04_CA-22,O=C(NCC1CC1)N1CCCN(C(=O)c2ccoc2)CC1,False
315,it3.5_AM-02_Imid-04_CA-24,O=C(NCC1CC1)N1CCCN(C(=O)c2ccno2)CC1,False
316,it3.5_AM-02_Imid-04_CA-25,Cc1ccc(C(=O)N2CCCN(C(=O)NCC3CC3)CC2)o1,False
317,it3.5_AM-02_Imid-04_CA-27,Cc1occc1C(=O)N1CCCN(C(=O)NCC2CC2)CC1,False
318,it3.5_AM-02_Imid-04_CA-29,Cc1cc(C(=O)N2CCCN(C(=O)NCC3CC3)CC2)oc1C,False
319,it3.5_AM-02_Imid-04_CA-30,O=C(NCC1CC1)N1CCCN(C(=O)c2sccc2F)CC1,False
320,it3.5_AM-03_Imid-04_CA-01,O=C(NCc1cccs1)N1CCCN(C(=O)c2scc3c2OCCO3)CC1,False
321,it3.5_AM-03_Imid-04_CA-02,O=C(NCc1cccs1)N1CCCN(C(=O)c2cocn2)CC1,False
322,it3.5_AM-03_Imid-04_CA-03,Cc1ccc(C(=O)N2CCCN(C(=O)NCc3cccs3)CC2)cc1N,False
323,it3.5_AM-03_Imid-04_CA-04,Cn1nccc1C(=O)N1CCCN(C(=O)NCc2cccs2)CC1,False
325,it3.5_AM-03_Imid-04_CA-08,O=C(NCc1cccs1)N1CCCN(C(=O)c2ccc3ncsc3c2)CC1,False
326,it3.5_AM-03_Imid-04_CA-09,O=C(NCc1cccs1)N1CCCN(C(=O)c2ccccc2O)CC1,False
327,it3.5_AM-03_Imid-04_CA-12,O=C(Cc1ccccc1)N1CCCN(C(=O)NCc2cccs2)CC1,False
328,it3.5_AM-03_Imid-04_CA-13,Cc1ccc(C(=O)N2CCCN(C(=O)NCc3cccs3)CC2)cc1,False
329,it3.5_AM-03_Imid-04_CA-14,Cn1cccc1C(=O)N1CCCN(C(=O)NCc2cccs2)CC1,False
330,it3.5_AM-03_Imid-04_CA-15,COc1cccc(C(=O)N2CCCN(C(=O)NCc3cccs3)CC2)c1,False
332,it3.5_AM-03_Imid-04_CA-19,O=C(C#Cc1ccccc1)N1CCCN(C(=O)NCc2cccs2)CC1,False
333,it3.5_AM-03_Imid-04_CA-20,O=C(NCc1cccs1)N1CCCN(C(=O)c2ccco2)CC1,False
334,it3.5_AM-03_Imid-04_CA-25,Cc1ccc(C(=O)N2CCCN(C(=O)NCc3cccs3)CC2)o1,False
335,it3.5_AM-03_Imid-04_CA-27,Cc1occc1C(=O)N1CCCN(C(=O)NCc2cccs2)CC1,False
336,it3.5_AM-03_Imid-04_CA-29,Cc1cc(C(=O)N2CCCN(C(=O)NCc3cccs3)CC2)oc1C,False
337,it3.5_AM-03_Imid-04_CA-30,O=C(NCc1cccs1)N1CCCN(C(=O)c2sccc2F)CC1,False
338,it3.5_AM-03_Imid-04_CA-31,O=C(NCc1cccs1)N1CCCN(C(=O)c2ccc(Cl)o2)CC1,False
339,it3.5_AM-03_Imid-04_CA-32,O=C(NCc1cccs1)N1CCCN(C(=O)c2ncco2)CC1,False
340,it3.5_AM-04_Imid-04_CA-03,Cc1ccc(C(=O)N2CCCN(C(=O)NCC(F)(F)F)CC2)cc1N,False
341,it3.5_AM-04_Imid-04_CA-08,O=C(NCC(F)(F)F)N1CCCN(C(=O)c2ccc3ncsc3c2)CC1,False
342,it3.5_AM-04_Imid-04_CA-10,O=C(NCC(F)(F)F)N1CCCN(C(=O)c2c[nH]cn2)CC1,False
343,it3.5_AM-04_Imid-04_CA-12,O=C(Cc1ccccc1)N1CCCN(C(=O)NCC(F)(F)F)CC1,False
344,it3.5_AM-04_Imid-04_CA-13,Cc1ccc(C(=O)N2CCCN(C(=O)NCC(F)(F)F)CC2)cc1,False
345,it3.5_AM-04_Imid-04_CA-14,Cn1cccc1C(=O)N1CCCN(C(=O)NCC(F)(F)F)CC1,False
346,it3.5_AM-04_Imid-04_CA-15,COc1cccc(C(=O)N2CCCN(C(=O)NCC(F)(F)F)CC2)c1,False
347,it3.5_AM-04_Imid-04_CA-17,O=C(NCC(F)(F)F)N1CCCN(C(=O)c2cncc(Br)c2)CC1,False
348,it3.5_AM-04_Imid-04_CA-19,O=C(C#Cc1ccccc1)N1CCCN(C(=O)NCC(F)(F)F)CC1,False
349,it3.5_AM-04_Imid-04_CA-21,CC(C)(C)OC(=O)NCC(=O)N1CCCN(C(=O)NCC(F)(F)F)CC1,False
350,it3.5_AM-04_Imid-04_CA-22,O=C(NCC(F)(F)F)N1CCCN(C(=O)c2ccoc2)CC1,False
351,it3.5_AM-04_Imid-04_CA-23,O=C(NCC(F)(F)F)N1CCCN(C(=O)c2cscn2)CC1,False
352,it3.5_AM-04_Imid-04_CA-24,O=C(NCC(F)(F)F)N1CCCN(C(=O)c2ccno2)CC1,False
353,it3.5_AM-04_Imid-04_CA-25,Cc1ccc(C(=O)N2CCCN(C(=O)NCC(F)(F)F)CC2)o1,False
354,it3.5_AM-04_Imid-04_CA-27,Cc1occc1C(=O)N1CCCN(C(=O)NCC(F)(F)F)CC1,False
355,it3.5_AM-04_Imid-04_CA-29,Cc1cc(C(=O)N2CCCN(C(=O)NCC(F)(F)F)CC2)oc1C,False
356,it3.5_AM-04_Imid-04_CA-30,O=C(NCC(F)(F)F)N1CCCN(C(=O)c2sccc2F)CC1,False
357,it3.5_AM-04_Imid-04_CA-32,O=C(NCC(F)(F)F)N1CCCN(C(=O)c2ncco2)CC1,False
358,it3.5_AM-05_Imid-04_CA-12,O=C(Cc1ccccc1)N1CCCN(C(=O)NCc2cccnc2)CC1,False
359,it3.5_AM-05_Imid-04_CA-13,Cc1ccc(C(=O)N2CCCN(C(=O)NCc3cccnc3)CC2)cc1,False
360,it3.5_AM-05_Imid-04_CA-14,Cn1cccc1C(=O)N1CCCN(C(=O)NCc2cccnc2)CC1,False
361,it3.5_AM-05_Imid-04_CA-21,CC(C)(C)OC(=O)NCC(=O)N1CCCN(C(=O)NCc2cccnc2)CC1,False
362,it3.5_AM-05_Imid-04_CA-22,O=C(NCc1cccnc1)N1CCCN(C(=O)c2ccoc2)CC1,False
363,it3.5_AM-05_Imid-04_CA-23,O=C(NCc1cccnc1)N1CCCN(C(=O)c2cscn2)CC1,False
364,it3.5_AM-05_Imid-04_CA-29,Cc1cc(C(=O)N2CCCN(C(=O)NCc3cccnc3)CC2)oc1C,False
365,it3.5_AM-06_Imid-04_CA-02,COc1ccc(NC(=O)N2CCCN(C(=O)c3cocn3)CC2)cc1,False
366,it3.5_AM-06_Imid-04_CA-06,COc1ccc(NC(=O)N2CCCN(C(=O)c3cn(C)cn3)CC2)cc1,False
367,it3.5_AM-06_Imid-04_CA-07,COc1ccc(NC(=O)N2CCCN(C(=O)c3ccccn3)CC2)cc1,False
368,it3.5_AM-06_Imid-04_CA-08,COc1ccc(NC(=O)N2CCCN(C(=O)c3ccc4ncsc4c3)CC2)cc1,False
369,it3.5_AM-06_Imid-04_CA-12,COc1ccc(NC(=O)N2CCCN(C(=O)Cc3ccccc3)CC2)cc1,False
370,it3.5_AM-06_Imid-04_CA-14,COc1ccc(NC(=O)N2CCCN(C(=O)c3cccn3C)CC2)cc1,False
371,it3.5_AM-06_Imid-04_CA-15,COc1ccc(NC(=O)N2CCCN(C(=O)c3cccc(OC)c3)CC2)cc1,False
372,it3.5_AM-06_Imid-04_CA-16,COc1ccc(NC(=O)N2CCCN(C(=O)c3cccs3)CC2)cc1,False
373,it3.5_AM-06_Imid-04_CA-19,COc1ccc(NC(=O)N2CCCN(C(=O)C#Cc3ccccc3)CC2)cc1,False
374,it3.5_AM-06_Imid-04_CA-20,COc1ccc(NC(=O)N2CCCN(C(=O)c3ccco3)CC2)cc1,False
375,it3.5_AM-06_Imid-04_CA-22,COc1ccc(NC(=O)N2CCCN(C(=O)c3ccoc3)CC2)cc1,False
376,it3.5_AM-06_Imid-04_CA-23,COc1ccc(NC(=O)N2CCCN(C(=O)c3cscn3)CC2)cc1,False
377,it3.5_AM-06_Imid-04_CA-27,COc1ccc(NC(=O)N2CCCN(C(=O)c3ccoc3C)CC2)cc1,False
378,it3.5_AM-07_Imid-04_CA-01,CCCCNC(=O)N1CCCN(C(=O)c2scc3c2OCCO3)CC1,False
379,it3.5_AM-07_Imid-04_CA-02,CCCCNC(=O)N1CCCN(C(=O)c2cocn2)CC1,False
380,it3.5_AM-07_Imid-04_CA-03,CCCCNC(=O)N1CCCN(C(=O)c2ccc(C)c(N)c2)CC1,False
381,it3.5_AM-07_Imid-04_CA-04,CCCCNC(=O)N1CCCN(C(=O)c2ccnn2C)CC1,False
383,it3.5_AM-07_Imid-04_CA-08,CCCCNC(=O)N1CCCN(C(=O)c2ccc3ncsc3c2)CC1,False
384,it3.5_AM-07_Imid-04_CA-12,CCCCNC(=O)N1CCCN(C(=O)Cc2ccccc2)CC1,False
385,it3.5_AM-07_Imid-04_CA-13,CCCCNC(=O)N1CCCN(C(=O)c2ccc(C)cc2)CC1,False
386,it3.5_AM-07_Imid-04_CA-14,CCCCNC(=O)N1CCCN(C(=O)c2cccn2C)CC1,False
387,it3.5_AM-07_Imid-04_CA-15,CCCCNC(=O)N1CCCN(C(=O)c2cccc(OC)c2)CC1,False
389,it3.5_AM-07_Imid-04_CA-17,CCCCNC(=O)N1CCCN(C(=O)c2cncc(Br)c2)CC1,False
390,it3.5_AM-07_Imid-04_CA-18,CCCCNC(=O)N1CCCN(C(=O)c2ccc([N+](=O)[O-])o2)CC1,False
391,it3.5_AM-07_Imid-04_CA-19,CCCCNC(=O)N1CCCN(C(=O)C#Cc2ccccc2)CC1,False
393,it3.5_AM-07_Imid-04_CA-21,CCCCNC(=O)N1CCCN(C(=O)CNC(=O)OC(C)(C)C)CC1,False
394,it3.5_AM-07_Imid-04_CA-22,CCCCNC(=O)N1CCCN(C(=O)c2ccoc2)CC1,False
395,it3.5_AM-07_Imid-04_CA-23,CCCCNC(=O)N1CCCN(C(=O)c2cscn2)CC1,False
396,it3.5_AM-07_Imid-04_CA-24,CCCCNC(=O)N1CCCN(C(=O)c2ccno2)CC1,False
397,it3.5_AM-07_Imid-04_CA-25,CCCCNC(=O)N1CCCN(C(=O)c2ccc(C)o2)CC1,False
398,it3.5_AM-07_Imid-04_CA-27,CCCCNC(=O)N1CCCN(C(=O)c2ccoc2C)CC1,False
399,it3.5_AM-07_Imid-04_CA-29,CCCCNC(=O)N1CCCN(C(=O)c2cc(C)c(C)o2)CC1,False
400,it3.5_AM-07_Imid-04_CA-30,CCCCNC(=O)N1CCCN(C(=O)c2sccc2F)CC1,False
401,it3.5_AM-07_Imid-04_CA-31,CCCCNC(=O)N1CCCN(C(=O)c2ccc(Cl)o2)CC1,False
402,it3.5_AM-07_Imid-04_CA-32,CCCCNC(=O)N1CCCN(C(=O)c2ncco2)CC1,False
403,it3.5_AM-08_Imid-04_CA-01,CC(C)NC(=O)N1CCCN(C(=O)c2scc3c2OCCO3)CC1,False
404,it3.5_AM-08_Imid-04_CA-02,CC(C)NC(=O)N1CCCN(C(=O)c2cocn2)CC1,False
405,it3.5_AM-08_Imid-04_CA-07,CC(C)NC(=O)N1CCCN(C(=O)c2ccccn2)CC1,False
406,it3.5_AM-08_Imid-04_CA-08,CC(C)NC(=O)N1CCCN(C(=O)c2ccc3ncsc3c2)CC1,False
407,it3.5_AM-08_Imid-04_CA-12,CC(C)NC(=O)N1CCCN(C(=O)Cc2ccccc2)CC1,False
408,it3.5_AM-08_Imid-04_CA-13,Cc1ccc(C(=O)N2CCCN(C(=O)NC(C)C)CC2)cc1,False
409,it3.5_AM-08_Imid-04_CA-15,COc1cccc(C(=O)N2CCCN(C(=O)NC(C)C)CC2)c1,False
411,it3.5_AM-08_Imid-04_CA-17,CC(C)NC(=O)N1CCCN(C(=O)c2cncc(Br)c2)CC1,False
412,it3.5_AM-08_Imid-04_CA-19,CC(C)NC(=O)N1CCCN(C(=O)C#Cc2ccccc2)CC1,False
414,it3.5_AM-08_Imid-04_CA-21,CC(C)NC(=O)N1CCCN(C(=O)CNC(=O)OC(C)(C)C)CC1,False
415,it3.5_AM-08_Imid-04_CA-22,CC(C)NC(=O)N1CCCN(C(=O)c2ccoc2)CC1,False
416,it3.5_AM-08_Imid-04_CA-25,Cc1ccc(C(=O)N2CCCN(C(=O)NC(C)C)CC2)o1,False
417,it3.5_AM-08_Imid-04_CA-27,Cc1occc1C(=O)N1CCCN(C(=O)NC(C)C)CC1,False
418,it3.5_AM-08_Imid-04_CA-29,Cc1cc(C(=O)N2CCCN(C(=O)NC(C)C)CC2)oc1C,False
419,it3.5_AM-08_Imid-04_CA-30,CC(C)NC(=O)N1CCCN(C(=O)c2sccc2F)CC1,False
420,it3.5_AM-08_Imid-04_CA-31,CC(C)NC(=O)N1CCCN(C(=O)c2ccc(Cl)o2)CC1,False
421,it3.5_AM-08_Imid-04_CA-32,CC(C)NC(=O)N1CCCN(C(=O)c2ncco2)CC1,False
422,it3.5_AM-01_Imid-03_CA-01,COCCNC(=O)N1CCN(C(=O)c2scc3c2OCCO3)C(C)C1,False
423,it3.5_AM-01_Imid-03_CA-08,COCCNC(=O)N1CCN(C(=O)c2ccc3ncsc3c2)C(C)C1,False
424,it3.5_AM-01_Imid-03_CA-15,COCCNC(=O)N1CCN(C(=O)c2cccc(OC)c2)C(C)C1,False
425,it3.5_AM-01_Imid-03_CA-16,COCCNC(=O)N1CCN(C(=O)c2cccs2)C(C)C1,False
426,it3.5_AM-01_Imid-03_CA-19,COCCNC(=O)N1CCN(C(=O)C#Cc2ccccc2)C(C)C1,False
427,it3.5_AM-01_Imid-03_CA-21,COCCNC(=O)N1CCN(C(=O)CNC(=O)OC(C)(C)C)C(C)C1,False
428,it3.5_AM-01_Imid-03_CA-25,COCCNC(=O)N1CCN(C(=O)c2ccc(C)o2)C(C)C1,False
429,it3.5_AM-01_Imid-03_CA-27,COCCNC(=O)N1CCN(C(=O)c2ccoc2C)C(C)C1,False
430,it3.5_AM-01_Imid-03_CA-29,COCCNC(=O)N1CCN(C(=O)c2cc(C)c(C)o2)C(C)C1,False
431,it3.5_AM-02_Imid-03_CA-01,CC1CN(C(=O)NCC2CC2)CCN1C(=O)c1scc2c1OCCO2,False
432,it3.5_AM-02_Imid-03_CA-02,CC1CN(C(=O)NCC2CC2)CCN1C(=O)c1cocn1,False
433,it3.5_AM-02_Imid-03_CA-06,CC1CN(C(=O)NCC2CC2)CCN1C(=O)c1cn(C)cn1,False
434,it3.5_AM-02_Imid-03_CA-07,CC1CN(C(=O)NCC2CC2)CCN1C(=O)c1ccccn1,False
435,it3.5_AM-02_Imid-03_CA-08,CC1CN(C(=O)NCC2CC2)CCN1C(=O)c1ccc2ncsc2c1,False
436,it3.5_AM-02_Imid-03_CA-12,CC1CN(C(=O)NCC2CC2)CCN1C(=O)Cc1ccccc1,False
437,it3.5_AM-02_Imid-03_CA-13,Cc1ccc(C(=O)N2CCN(C(=O)NCC3CC3)CC2C)cc1,False
438,it3.5_AM-02_Imid-03_CA-14,CC1CN(C(=O)NCC2CC2)CCN1C(=O)c1cccn1C,False
439,it3.5_AM-02_Imid-03_CA-15,COc1cccc(C(=O)N2CCN(C(=O)NCC3CC3)CC2C)c1,False
440,it3.5_AM-02_Imid-03_CA-17,CC1CN(C(=O)NCC2CC2)CCN1C(=O)c1cncc(Br)c1,False
441,it3.5_AM-02_Imid-03_CA-18,CC1CN(C(=O)NCC2CC2)CCN1C(=O)c1ccc([N+](=O)[O-])o1,False
442,it3.5_AM-02_Imid-03_CA-19,CC1CN(C(=O)NCC2CC2)CCN1C(=O)C#Cc1ccccc1,False
443,it3.5_AM-02_Imid-03_CA-22,CC1CN(C(=O)NCC2CC2)CCN1C(=O)c1ccoc1,False
444,it3.5_AM-02_Imid-03_CA-23,CC1CN(C(=O)NCC2CC2)CCN1C(=O)c1cscn1,False
445,it3.5_AM-02_Imid-03_CA-24,CC1CN(C(=O)NCC2CC2)CCN1C(=O)c1ccno1,False
446,it3.5_AM-02_Imid-03_CA-30,CC1CN(C(=O)NCC2CC2)CCN1C(=O)c1sccc1F,False
447,it3.5_AM-02_Imid-03_CA-32,CC1CN(C(=O)NCC2CC2)CCN1C(=O)c1ncco1,False
448,it3.5_AM-03_Imid-03_CA-02,CC1CN(C(=O)NCc2cccs2)CCN1C(=O)c1cocn1,False
449,it3.5_AM-03_Imid-03_CA-12,CC1CN(C(=O)NCc2cccs2)CCN1C(=O)Cc1ccccc1,False
450,it3.5_AM-04_Imid-03_CA-01,CC1CN(C(=O)NCC(F)(F)F)CCN1C(=O)c1scc2c1OCCO2,False
451,it3.5_AM-04_Imid-03_CA-02,CC1CN(C(=O)NCC(F)(F)F)CCN1C(=O)c1cocn1,False
452,it3.5_AM-04_Imid-03_CA-03,Cc1ccc(C(=O)N2CCN(C(=O)NCC(F)(F)F)CC2C)cc1N,False
453,it3.5_AM-04_Imid-03_CA-07,CC1CN(C(=O)NCC(F)(F)F)CCN1C(=O)c1ccccn1,False
454,it3.5_AM-04_Imid-03_CA-12,CC1CN(C(=O)NCC(F)(F)F)CCN1C(=O)Cc1ccccc1,False
455,it3.5_AM-04_Imid-03_CA-15,COc1cccc(C(=O)N2CCN(C(=O)NCC(F)(F)F)CC2C)c1,False
456,it3.5_AM-04_Imid-03_CA-19,CC1CN(C(=O)NCC(F)(F)F)CCN1C(=O)C#Cc1ccccc1,False
457,it3.5_AM-04_Imid-03_CA-20,CC1CN(C(=O)NCC(F)(F)F)CCN1C(=O)c1ccco1,False
458,it3.5_AM-04_Imid-03_CA-22,CC1CN(C(=O)NCC(F)(F)F)CCN1C(=O)c1ccoc1,False
459,it3.5_AM-04_Imid-03_CA-23,CC1CN(C(=O)NCC(F)(F)F)CCN1C(=O)c1cscn1,False
460,it3.5_AM-04_Imid-03_CA-25,Cc1ccc(C(=O)N2CCN(C(=O)NCC(F)(F)F)CC2C)o1,False
461,it3.5_AM-04_Imid-03_CA-27,Cc1occc1C(=O)N1CCN(C(=O)NCC(F)(F)F)CC1C,False
462,it3.5_AM-04_Imid-03_CA-32,CC1CN(C(=O)NCC(F)(F)F)CCN1C(=O)c1ncco1,False
463,it3.5_AM-05_Imid-03_CA-12,CC1CN(C(=O)NCc2cccnc2)CCN1C(=O)Cc1ccccc1,False
464,it3.5_AM-05_Imid-03_CA-15,COc1cccc(C(=O)N2CCN(C(=O)NCc3cccnc3)CC2C)c1,False
465,it3.5_AM-05_Imid-03_CA-17,CC1CN(C(=O)NCc2cccnc2)CCN1C(=O)c1cncc(Br)c1,False
466,it3.5_AM-05_Imid-03_CA-18,CC1CN(C(=O)NCc2cccnc2)CCN1C(=O)c1ccc([N+](=O)[O-])o1,False
467,it3.5_AM-05_Imid-03_CA-22,CC1CN(C(=O)NCc2cccnc2)CCN1C(=O)c1ccoc1,False
468,it3.5_AM-05_Imid-03_CA-27,Cc1occc1C(=O)N1CCN(C(=O)NCc2cccnc2)CC1C,False
469,it3.5_AM-05_Imid-03_CA-29,Cc1cc(C(=O)N2CCN(C(=O)NCc3cccnc3)CC2C)oc1C,False
470,it3.5_AM-05_Imid-03_CA-32,CC1CN(C(=O)NCc2cccnc2)CCN1C(=O)c1ncco1,False
471,it3.5_AM-06_Imid-03_CA-01,COc1ccc(NC(=O)N2CCN(C(=O)c3scc4c3OCCO4)C(C)C2)cc1,False
472,it3.5_AM-06_Imid-03_CA-02,COc1ccc(NC(=O)N2CCN(C(=O)c3cocn3)C(C)C2)cc1,False
473,it3.5_AM-06_Imid-03_CA-03,COc1ccc(NC(=O)N2CCN(C(=O)c3ccc(C)c(N)c3)C(C)C2)cc1,False
474,it3.5_AM-06_Imid-03_CA-04,COc1ccc(NC(=O)N2CCN(C(=O)c3ccnn3C)C(C)C2)cc1,False
475,it3.5_AM-06_Imid-03_CA-06,COc1ccc(NC(=O)N2CCN(C(=O)c3cn(C)cn3)C(C)C2)cc1,False
476,it3.5_AM-06_Imid-03_CA-07,COc1ccc(NC(=O)N2CCN(C(=O)c3ccccn3)C(C)C2)cc1,False
477,it3.5_AM-06_Imid-03_CA-12,COc1ccc(NC(=O)N2CCN(C(=O)Cc3ccccc3)C(C)C2)cc1,False
478,it3.5_AM-06_Imid-03_CA-13,COc1ccc(NC(=O)N2CCN(C(=O)c3ccc(C)cc3)C(C)C2)cc1,False
479,it3.5_AM-06_Imid-03_CA-14,COc1ccc(NC(=O)N2CCN(C(=O)c3cccn3C)C(C)C2)cc1,False
480,it3.5_AM-06_Imid-03_CA-15,COc1ccc(NC(=O)N2CCN(C(=O)c3cccc(OC)c3)C(C)C2)cc1,False
481,it3.5_AM-06_Imid-03_CA-16,COc1ccc(NC(=O)N2CCN(C(=O)c3cccs3)C(C)C2)cc1,False
482,it3.5_AM-06_Imid-03_CA-19,COc1ccc(NC(=O)N2CCN(C(=O)C#Cc3ccccc3)C(C)C2)cc1,False
483,it3.5_AM-06_Imid-03_CA-20,COc1ccc(NC(=O)N2CCN(C(=O)c3ccco3)C(C)C2)cc1,False
484,it3.5_AM-06_Imid-03_CA-22,COc1ccc(NC(=O)N2CCN(C(=O)c3ccoc3)C(C)C2)cc1,False
485,it3.5_AM-06_Imid-03_CA-23,COc1ccc(NC(=O)N2CCN(C(=O)c3cscn3)C(C)C2)cc1,False
486,it3.5_AM-06_Imid-03_CA-27,COc1ccc(NC(=O)N2CCN(C(=O)c3ccoc3C)C(C)C2)cc1,False
487,it3.5_AM-06_Imid-03_CA-29,COc1ccc(NC(=O)N2CCN(C(=O)c3cc(C)c(C)o3)C(C)C2)cc1,False
488,it3.5_AM-06_Imid-03_CA-30,COc1ccc(NC(=O)N2CCN(C(=O)c3sccc3F)C(C)C2)cc1,False
489,it3.5_AM-06_Imid-03_CA-31,COc1ccc(NC(=O)N2CCN(C(=O)c3ccc(Cl)o3)C(C)C2)cc1,False
490,it3.5_AM-07_Imid-03_CA-01,CCCCNC(=O)N1CCN(C(=O)c2scc3c2OCCO3)C(C)C1,False
491,it3.5_AM-07_Imid-03_CA-03,CCCCNC(=O)N1CCN(C(=O)c2ccc(C)c(N)c2)C(C)C1,False
492,it3.5_AM-07_Imid-03_CA-06,CCCCNC(=O)N1CCN(C(=O)c2cn(C)cn2)C(C)C1,False
493,it3.5_AM-07_Imid-03_CA-07,CCCCNC(=O)N1CCN(C(=O)c2ccccn2)C(C)C1,False
494,it3.5_AM-07_Imid-03_CA-12,CCCCNC(=O)N1CCN(C(=O)Cc2ccccc2)C(C)C1,False
495,it3.5_AM-07_Imid-03_CA-13,CCCCNC(=O)N1CCN(C(=O)c2ccc(C)cc2)C(C)C1,False
496,it3.5_AM-07_Imid-03_CA-15,CCCCNC(=O)N1CCN(C(=O)c2cccc(OC)c2)C(C)C1,False
497,it3.5_AM-07_Imid-03_CA-16,CCCCNC(=O)N1CCN(C(=O)c2cccs2)C(C)C1,False
498,it3.5_AM-07_Imid-03_CA-17,CCCCNC(=O)N1CCN(C(=O)c2cncc(Br)c2)C(C)C1,False
499,it3.5_AM-07_Imid-03_CA-18,CCCCNC(=O)N1CCN(C(=O)c2ccc([N+](=O)[O-])o2)C(C)C1,False
500,it3.5_AM-07_Imid-03_CA-19,CCCCNC(=O)N1CCN(C(=O)C#Cc2ccccc2)C(C)C1,False
501,it3.5_AM-07_Imid-03_CA-20,CCCCNC(=O)N1CCN(C(=O)c2ccco2)C(C)C1,False
502,it3.5_AM-07_Imid-03_CA-21,CCCCNC(=O)N1CCN(C(=O)CNC(=O)OC(C)(C)C)C(C)C1,False
503,it3.5_AM-07_Imid-03_CA-22,CCCCNC(=O)N1CCN(C(=O)c2ccoc2)C(C)C1,False
504,it3.5_AM-07_Imid-03_CA-23,CCCCNC(=O)N1CCN(C(=O)c2cscn2)C(C)C1,False
505,it3.5_AM-07_Imid-03_CA-27,CCCCNC(=O)N1CCN(C(=O)c2ccoc2C)C(C)C1,False
506,it3.5_AM-07_Imid-03_CA-29,CCCCNC(=O)N1CCN(C(=O)c2cc(C)c(C)o2)C(C)C1,False
507,it3.5_AM-07_Imid-03_CA-32,CCCCNC(=O)N1CCN(C(=O)c2ncco2)C(C)C1,False
508,it3.5_AM-08_Imid-03_CA-01,CC(C)NC(=O)N1CCN(C(=O)c2scc3c2OCCO3)C(C)C1,False
509,it3.5_AM-08_Imid-03_CA-02,CC(C)NC(=O)N1CCN(C(=O)c2cocn2)C(C)C1,False
510,it3.5_AM-08_Imid-03_CA-03,Cc1ccc(C(=O)N2CCN(C(=O)NC(C)C)CC2C)cc1N,False
511,it3.5_AM-08_Imid-03_CA-07,CC(C)NC(=O)N1CCN(C(=O)c2ccccn2)C(C)C1,False
512,it3.5_AM-08_Imid-03_CA-12,CC(C)NC(=O)N1CCN(C(=O)Cc2ccccc2)C(C)C1,False
513,it3.5_AM-08_Imid-03_CA-13,Cc1ccc(C(=O)N2CCN(C(=O)NC(C)C)CC2C)cc1,False
514,it3.5_AM-08_Imid-03_CA-15,COc1cccc(C(=O)N2CCN(C(=O)NC(C)C)CC2C)c1,False
515,it3.5_AM-08_Imid-03_CA-18,CC(C)NC(=O)N1CCN(C(=O)c2ccc([N+](=O)[O-])o2)C(C)C1,False
516,it3.5_AM-08_Imid-03_CA-19,CC(C)NC(=O)N1CCN(C(=O)C#Cc2ccccc2)C(C)C1,False
518,it3.5_AM-08_Imid-03_CA-24,CC(C)NC(=O)N1CCN(C(=O)c2ccno2)C(C)C1,False
519,it3.5_AM-01_Imid-02_CA-01,COCCNC(=O)N1CCN(C(=O)c2scc3c2OCCO3)CC1C,False
520,it3.5_AM-01_Imid-02_CA-03,COCCNC(=O)N1CCN(C(=O)c2ccc(C)c(N)c2)CC1C,False
521,it3.5_AM-01_Imid-02_CA-04,COCCNC(=O)N1CCN(C(=O)c2ccnn2C)CC1C,False
522,it3.5_AM-01_Imid-02_CA-05,COCCNC(=O)N1CCN(C(=O)c2c(OC)cccc2OC)CC1C,False
523,it3.5_AM-01_Imid-02_CA-06,COCCNC(=O)N1CCN(C(=O)c2cn(C)cn2)CC1C,False
524,it3.5_AM-01_Imid-02_CA-07,COCCNC(=O)N1CCN(C(=O)c2ccccn2)CC1C,False
525,it3.5_AM-01_Imid-02_CA-12,COCCNC(=O)N1CCN(C(=O)Cc2ccccc2)CC1C,False
526,it3.5_AM-01_Imid-02_CA-13,COCCNC(=O)N1CCN(C(=O)c2ccc(C)cc2)CC1C,False
527,it3.5_AM-01_Imid-02_CA-14,COCCNC(=O)N1CCN(C(=O)c2cccn2C)CC1C,False
528,it3.5_AM-01_Imid-02_CA-15,COCCNC(=O)N1CCN(C(=O)c2cccc(OC)c2)CC1C,False
529,it3.5_AM-01_Imid-02_CA-16,COCCNC(=O)N1CCN(C(=O)c2cccs2)CC1C,False
530,it3.5_AM-01_Imid-02_CA-17,COCCNC(=O)N1CCN(C(=O)c2cncc(Br)c2)CC1C,False
531,it3.5_AM-01_Imid-02_CA-18,COCCNC(=O)N1CCN(C(=O)c2ccc([N+](=O)[O-])o2)CC1C,False
532,it3.5_AM-01_Imid-02_CA-19,COCCNC(=O)N1CCN(C(=O)C#Cc2ccccc2)CC1C,False
534,it3.5_AM-01_Imid-02_CA-21,COCCNC(=O)N1CCN(C(=O)CNC(=O)OC(C)(C)C)CC1C,False
535,it3.5_AM-01_Imid-02_CA-22,COCCNC(=O)N1CCN(C(=O)c2ccoc2)CC1C,False
536,it3.5_AM-01_Imid-02_CA-23,COCCNC(=O)N1CCN(C(=O)c2cscn2)CC1C,False
537,it3.5_AM-01_Imid-02_CA-25,COCCNC(=O)N1CCN(C(=O)c2ccc(C)o2)CC1C,False
538,it3.5_AM-01_Imid-02_CA-27,COCCNC(=O)N1CCN(C(=O)c2ccoc2C)CC1C,False
539,it3.5_AM-01_Imid-02_CA-29,COCCNC(=O)N1CCN(C(=O)c2cc(C)c(C)o2)CC1C,False
540,it3.5_AM-01_Imid-02_CA-30,COCCNC(=O)N1CCN(C(=O)c2sccc2F)CC1C,False
541,it3.5_AM-02_Imid-02_CA-01,CC1CN(C(=O)c2scc3c2OCCO3)CCN1C(=O)NCC1CC1,False
542,it3.5_AM-02_Imid-02_CA-02,CC1CN(C(=O)c2cocn2)CCN1C(=O)NCC1CC1,False
543,it3.5_AM-02_Imid-02_CA-03,Cc1ccc(C(=O)N2CCN(C(=O)NCC3CC3)C(C)C2)cc1N,False
544,it3.5_AM-02_Imid-02_CA-04,CC1CN(C(=O)c2ccnn2C)CCN1C(=O)NCC1CC1,False
545,it3.5_AM-02_Imid-02_CA-05,COc1cccc(OC)c1C(=O)N1CCN(C(=O)NCC2CC2)C(C)C1,False
546,it3.5_AM-02_Imid-02_CA-07,CC1CN(C(=O)c2ccccn2)CCN1C(=O)NCC1CC1,False
547,it3.5_AM-02_Imid-02_CA-09,CC1CN(C(=O)c2ccccc2O)CCN1C(=O)NCC1CC1,False
548,it3.5_AM-02_Imid-02_CA-10,CC1CN(C(=O)c2c[nH]cn2)CCN1C(=O)NCC1CC1,False
549,it3.5_AM-02_Imid-02_CA-12,CC1CN(C(=O)Cc2ccccc2)CCN1C(=O)NCC1CC1,False
550,it3.5_AM-02_Imid-02_CA-13,Cc1ccc(C(=O)N2CCN(C(=O)NCC3CC3)C(C)C2)cc1,False
551,it3.5_AM-02_Imid-02_CA-14,CC1CN(C(=O)c2cccn2C)CCN1C(=O)NCC1CC1,False
552,it3.5_AM-02_Imid-02_CA-15,COc1cccc(C(=O)N2CCN(C(=O)NCC3CC3)C(C)C2)c1,False
553,it3.5_AM-02_Imid-02_CA-17,CC1CN(C(=O)c2cncc(Br)c2)CCN1C(=O)NCC1CC1,False
554,it3.5_AM-02_Imid-02_CA-18,CC1CN(C(=O)c2ccc([N+](=O)[O-])o2)CCN1C(=O)NCC1CC1,False
555,it3.5_AM-02_Imid-02_CA-19,CC1CN(C(=O)C#Cc2ccccc2)CCN1C(=O)NCC1CC1,False
557,it3.5_AM-02_Imid-02_CA-21,CC1CN(C(=O)CNC(=O)OC(C)(C)C)CCN1C(=O)NCC1CC1,False
559,it3.5_AM-02_Imid-02_CA-23,CC1CN(C(=O)c2cscn2)CCN1C(=O)NCC1CC1,False
560,it3.5_AM-02_Imid-02_CA-25,Cc1ccc(C(=O)N2CCN(C(=O)NCC3CC3)C(C)C2)o1,False
561,it3.5_AM-02_Imid-02_CA-26,CC1CN(C(=O)c2sccc2O)CCN1C(=O)NCC1CC1,False
562,it3.5_AM-02_Imid-02_CA-27,Cc1occc1C(=O)N1CCN(C(=O)NCC2CC2)C(C)C1,False
563,it3.5_AM-02_Imid-02_CA-29,Cc1cc(C(=O)N2CCN(C(=O)NCC3CC3)C(C)C2)oc1C,False
564,it3.5_AM-02_Imid-02_CA-30,CC1CN(C(=O)c2sccc2F)CCN1C(=O)NCC1CC1,False
565,it3.5_AM-03_Imid-02_CA-01,CC1CN(C(=O)c2scc3c2OCCO3)CCN1C(=O)NCc1cccs1,False
566,it3.5_AM-03_Imid-02_CA-02,CC1CN(C(=O)c2cocn2)CCN1C(=O)NCc1cccs1,False
567,it3.5_AM-03_Imid-02_CA-03,Cc1ccc(C(=O)N2CCN(C(=O)NCc3cccs3)C(C)C2)cc1N,False
568,it3.5_AM-03_Imid-02_CA-04,CC1CN(C(=O)c2ccnn2C)CCN1C(=O)NCc1cccs1,False
569,it3.5_AM-03_Imid-02_CA-05,COc1cccc(OC)c1C(=O)N1CCN(C(=O)NCc2cccs2)C(C)C1,False
570,it3.5_AM-03_Imid-02_CA-07,CC1CN(C(=O)c2ccccn2)CCN1C(=O)NCc1cccs1,False
571,it3.5_AM-03_Imid-02_CA-12,CC1CN(C(=O)Cc2ccccc2)CCN1C(=O)NCc1cccs1,False
572,it3.5_AM-03_Imid-02_CA-13,Cc1ccc(C(=O)N2CCN(C(=O)NCc3cccs3)C(C)C2)cc1,False
573,it3.5_AM-03_Imid-02_CA-14,CC1CN(C(=O)c2cccn2C)CCN1C(=O)NCc1cccs1,False
574,it3.5_AM-03_Imid-02_CA-15,COc1cccc(C(=O)N2CCN(C(=O)NCc3cccs3)C(C)C2)c1,False
575,it3.5_AM-03_Imid-02_CA-17,CC1CN(C(=O)c2cncc(Br)c2)CCN1C(=O)NCc1cccs1,False
576,it3.5_AM-03_Imid-02_CA-18,CC1CN(C(=O)c2ccc([N+](=O)[O-])o2)CCN1C(=O)NCc1cccs1,False
577,it3.5_AM-03_Imid-02_CA-19,CC1CN(C(=O)C#Cc2ccccc2)CCN1C(=O)NCc1cccs1,False
578,it3.5_AM-03_Imid-02_CA-21,CC1CN(C(=O)CNC(=O)OC(C)(C)C)CCN1C(=O)NCc1cccs1,False
579,it3.5_AM-03_Imid-02_CA-22,CC1CN(C(=O)c2ccoc2)CCN1C(=O)NCc1cccs1,False
580,it3.5_AM-03_Imid-02_CA-23,CC1CN(C(=O)c2cscn2)CCN1C(=O)NCc1cccs1,False
581,it3.5_AM-03_Imid-02_CA-25,Cc1ccc(C(=O)N2CCN(C(=O)NCc3cccs3)C(C)C2)o1,False
582,it3.5_AM-03_Imid-02_CA-27,Cc1occc1C(=O)N1CCN(C(=O)NCc2cccs2)C(C)C1,False
584,it3.5_AM-03_Imid-02_CA-30,CC1CN(C(=O)c2sccc2F)CCN1C(=O)NCc1cccs1,False
585,it3.5_AM-04_Imid-02_CA-01,CC1CN(C(=O)c2scc3c2OCCO3)CCN1C(=O)NCC(F)(F)F,False
586,it3.5_AM-04_Imid-02_CA-02,CC1CN(C(=O)c2cocn2)CCN1C(=O)NCC(F)(F)F,False
587,it3.5_AM-04_Imid-02_CA-03,Cc1ccc(C(=O)N2CCN(C(=O)NCC(F)(F)F)C(C)C2)cc1N,False
588,it3.5_AM-04_Imid-02_CA-04,CC1CN(C(=O)c2ccnn2C)CCN1C(=O)NCC(F)(F)F,False
589,it3.5_AM-04_Imid-02_CA-06,CC1CN(C(=O)c2cn(C)cn2)CCN1C(=O)NCC(F)(F)F,False
590,it3.5_AM-04_Imid-02_CA-07,CC1CN(C(=O)c2ccccn2)CCN1C(=O)NCC(F)(F)F,False
591,it3.5_AM-04_Imid-02_CA-08,CC1CN(C(=O)c2ccc3ncsc3c2)CCN1C(=O)NCC(F)(F)F,False
592,it3.5_AM-04_Imid-02_CA-10,CC1CN(C(=O)c2c[nH]cn2)CCN1C(=O)NCC(F)(F)F,False
593,it3.5_AM-04_Imid-02_CA-12,CC1CN(C(=O)Cc2ccccc2)CCN1C(=O)NCC(F)(F)F,False
594,it3.5_AM-04_Imid-02_CA-13,Cc1ccc(C(=O)N2CCN(C(=O)NCC(F)(F)F)C(C)C2)cc1,False
595,it3.5_AM-04_Imid-02_CA-14,CC1CN(C(=O)c2cccn2C)CCN1C(=O)NCC(F)(F)F,False
596,it3.5_AM-04_Imid-02_CA-15,COc1cccc(C(=O)N2CCN(C(=O)NCC(F)(F)F)C(C)C2)c1,False
598,it3.5_AM-04_Imid-02_CA-17,CC1CN(C(=O)c2cncc(Br)c2)CCN1C(=O)NCC(F)(F)F,False
599,it3.5_AM-04_Imid-02_CA-18,CC1CN(C(=O)c2ccc([N+](=O)[O-])o2)CCN1C(=O)NCC(F)(F)F,False
600,it3.5_AM-04_Imid-02_CA-19,CC1CN(C(=O)C#Cc2ccccc2)CCN1C(=O)NCC(F)(F)F,False
602,it3.5_AM-04_Imid-02_CA-21,CC1CN(C(=O)CNC(=O)OC(C)(C)C)CCN1C(=O)NCC(F)(F)F,False
603,it3.5_AM-04_Imid-02_CA-22,CC1CN(C(=O)c2ccoc2)CCN1C(=O)NCC(F)(F)F,False
604,it3.5_AM-04_Imid-02_CA-23,CC1CN(C(=O)c2cscn2)CCN1C(=O)NCC(F)(F)F,False
605,it3.5_AM-04_Imid-02_CA-25,Cc1ccc(C(=O)N2CCN(C(=O)NCC(F)(F)F)C(C)C2)o1,False
606,it3.5_AM-04_Imid-02_CA-26,CC1CN(C(=O)c2sccc2O)CCN1C(=O)NCC(F)(F)F,False
607,it3.5_AM-04_Imid-02_CA-27,Cc1occc1C(=O)N1CCN(C(=O)NCC(F)(F)F)C(C)C1,False
608,it3.5_AM-04_Imid-02_CA-29,Cc1cc(C(=O)N2CCN(C(=O)NCC(F)(F)F)C(C)C2)oc1C,False
609,it3.5_AM-04_Imid-02_CA-30,CC1CN(C(=O)c2sccc2F)CCN1C(=O)NCC(F)(F)F,False
610,it3.5_AM-04_Imid-02_CA-31,CC1CN(C(=O)c2ccc(Cl)o2)CCN1C(=O)NCC(F)(F)F,False
611,it3.5_AM-04_Imid-02_CA-32,CC1CN(C(=O)c2ncco2)CCN1C(=O)NCC(F)(F)F,False
612,it3.5_AM-05_Imid-02_CA-02,CC1CN(C(=O)c2cocn2)CCN1C(=O)NCc1cccnc1,False
613,it3.5_AM-05_Imid-02_CA-03,Cc1ccc(C(=O)N2CCN(C(=O)NCc3cccnc3)C(C)C2)cc1N,False
614,it3.5_AM-05_Imid-02_CA-04,CC1CN(C(=O)c2ccnn2C)CCN1C(=O)NCc1cccnc1,False
615,it3.5_AM-05_Imid-02_CA-07,CC1CN(C(=O)c2ccccn2)CCN1C(=O)NCc1cccnc1,False
616,it3.5_AM-05_Imid-02_CA-10,CC1CN(C(=O)c2c[nH]cn2)CCN1C(=O)NCc1cccnc1,False
617,it3.5_AM-05_Imid-02_CA-12,CC1CN(C(=O)Cc2ccccc2)CCN1C(=O)NCc1cccnc1,False
618,it3.5_AM-05_Imid-02_CA-13,Cc1ccc(C(=O)N2CCN(C(=O)NCc3cccnc3)C(C)C2)cc1,False
619,it3.5_AM-05_Imid-02_CA-14,CC1CN(C(=O)c2cccn2C)CCN1C(=O)NCc1cccnc1,False
620,it3.5_AM-05_Imid-02_CA-15,COc1cccc(C(=O)N2CCN(C(=O)NCc3cccnc3)C(C)C2)c1,False
621,it3.5_AM-05_Imid-02_CA-17,CC1CN(C(=O)c2cncc(Br)c2)CCN1C(=O)NCc1cccnc1,False
622,it3.5_AM-05_Imid-02_CA-18,CC1CN(C(=O)c2ccc([N+](=O)[O-])o2)CCN1C(=O)NCc1cccnc1,False
623,it3.5_AM-05_Imid-02_CA-19,CC1CN(C(=O)C#Cc2ccccc2)CCN1C(=O)NCc1cccnc1,False
624,it3.5_AM-05_Imid-02_CA-21,CC1CN(C(=O)CNC(=O)OC(C)(C)C)CCN1C(=O)NCc1cccnc1,False
625,it3.5_AM-05_Imid-02_CA-22,CC1CN(C(=O)c2ccoc2)CCN1C(=O)NCc1cccnc1,False
626,it3.5_AM-05_Imid-02_CA-23,CC1CN(C(=O)c2cscn2)CCN1C(=O)NCc1cccnc1,False
627,it3.5_AM-05_Imid-02_CA-24,CC1CN(C(=O)c2ccno2)CCN1C(=O)NCc1cccnc1,False
628,it3.5_AM-05_Imid-02_CA-25,Cc1ccc(C(=O)N2CCN(C(=O)NCc3cccnc3)C(C)C2)o1,False
629,it3.5_AM-05_Imid-02_CA-27,Cc1occc1C(=O)N1CCN(C(=O)NCc2cccnc2)C(C)C1,False
630,it3.5_AM-05_Imid-02_CA-28,CC1CN(C(=O)c2ncn[nH]2)CCN1C(=O)NCc1cccnc1,False
631,it3.5_AM-05_Imid-02_CA-29,Cc1cc(C(=O)N2CCN(C(=O)NCc3cccnc3)C(C)C2)oc1C,False
632,it3.5_AM-05_Imid-02_CA-30,CC1CN(C(=O)c2sccc2F)CCN1C(=O)NCc1cccnc1,False
633,it3.5_AM-05_Imid-02_CA-32,CC1CN(C(=O)c2ncco2)CCN1C(=O)NCc1cccnc1,False
634,it3.5_AM-06_Imid-02_CA-01,COc1ccc(NC(=O)N2CCN(C(=O)c3scc4c3OCCO4)CC2C)cc1,False
635,it3.5_AM-06_Imid-02_CA-02,COc1ccc(NC(=O)N2CCN(C(=O)c3cocn3)CC2C)cc1,False
636,it3.5_AM-06_Imid-02_CA-03,COc1ccc(NC(=O)N2CCN(C(=O)c3ccc(C)c(N)c3)CC2C)cc1,False
637,it3.5_AM-06_Imid-02_CA-04,COc1ccc(NC(=O)N2CCN(C(=O)c3ccnn3C)CC2C)cc1,False
638,it3.5_AM-06_Imid-02_CA-06,COc1ccc(NC(=O)N2CCN(C(=O)c3cn(C)cn3)CC2C)cc1,False
639,it3.5_AM-06_Imid-02_CA-07,COc1ccc(NC(=O)N2CCN(C(=O)c3ccccn3)CC2C)cc1,False
640,it3.5_AM-06_Imid-02_CA-08,COc1ccc(NC(=O)N2CCN(C(=O)c3ccc4ncsc4c3)CC2C)cc1,False
641,it3.5_AM-06_Imid-02_CA-12,COc1ccc(NC(=O)N2CCN(C(=O)Cc3ccccc3)CC2C)cc1,False
642,it3.5_AM-06_Imid-02_CA-13,COc1ccc(NC(=O)N2CCN(C(=O)c3ccc(C)cc3)CC2C)cc1,False
643,it3.5_AM-06_Imid-02_CA-14,COc1ccc(NC(=O)N2CCN(C(=O)c3cccn3C)CC2C)cc1,False
644,it3.5_AM-06_Imid-02_CA-15,COc1ccc(NC(=O)N2CCN(C(=O)c3cccc(OC)c3)CC2C)cc1,False
646,it3.5_AM-06_Imid-02_CA-18,COc1ccc(NC(=O)N2CCN(C(=O)c3ccc([N+](=O)[O-])o3)CC2C)cc1,False
647,it3.5_AM-06_Imid-02_CA-19,COc1ccc(NC(=O)N2CCN(C(=O)C#Cc3ccccc3)CC2C)cc1,False
649,it3.5_AM-06_Imid-02_CA-21,COc1ccc(NC(=O)N2CCN(C(=O)CNC(=O)OC(C)(C)C)CC2C)cc1,False
651,it3.5_AM-06_Imid-02_CA-25,COc1ccc(NC(=O)N2CCN(C(=O)c3ccc(C)o3)CC2C)cc1,False
652,it3.5_AM-06_Imid-02_CA-27,COc1ccc(NC(=O)N2CCN(C(=O)c3ccoc3C)CC2C)cc1,False
653,it3.5_AM-06_Imid-02_CA-29,COc1ccc(NC(=O)N2CCN(C(=O)c3cc(C)c(C)o3)CC2C)cc1,False
654,it3.5_AM-06_Imid-02_CA-30,COc1ccc(NC(=O)N2CCN(C(=O)c3sccc3F)CC2C)cc1,False
655,it3.5_AM-06_Imid-02_CA-31,COc1ccc(NC(=O)N2CCN(C(=O)c3ccc(Cl)o3)CC2C)cc1,False
656,it3.5_AM-06_Imid-02_CA-32,COc1ccc(NC(=O)N2CCN(C(=O)c3ncco3)CC2C)cc1,False
657,it3.5_AM-07_Imid-02_CA-01,CCCCNC(=O)N1CCN(C(=O)c2scc3c2OCCO3)CC1C,False
658,it3.5_AM-07_Imid-02_CA-02,CCCCNC(=O)N1CCN(C(=O)c2cocn2)CC1C,False
659,it3.5_AM-07_Imid-02_CA-03,CCCCNC(=O)N1CCN(C(=O)c2ccc(C)c(N)c2)CC1C,False
660,it3.5_AM-07_Imid-02_CA-04,CCCCNC(=O)N1CCN(C(=O)c2ccnn2C)CC1C,False
661,it3.5_AM-07_Imid-02_CA-07,CCCCNC(=O)N1CCN(C(=O)c2ccccn2)CC1C,False
662,it3.5_AM-07_Imid-02_CA-08,CCCCNC(=O)N1CCN(C(=O)c2ccc3ncsc3c2)CC1C,False
663,it3.5_AM-07_Imid-02_CA-10,CCCCNC(=O)N1CCN(C(=O)c2c[nH]cn2)CC1C,False
664,it3.5_AM-07_Imid-02_CA-12,CCCCNC(=O)N1CCN(C(=O)Cc2ccccc2)CC1C,False
665,it3.5_AM-07_Imid-02_CA-13,CCCCNC(=O)N1CCN(C(=O)c2ccc(C)cc2)CC1C,False
666,it3.5_AM-07_Imid-02_CA-14,CCCCNC(=O)N1CCN(C(=O)c2cccn2C)CC1C,False
667,it3.5_AM-07_Imid-02_CA-15,CCCCNC(=O)N1CCN(C(=O)c2cccc(OC)c2)CC1C,False
668,it3.5_AM-07_Imid-02_CA-16,CCCCNC(=O)N1CCN(C(=O)c2cccs2)CC1C,False
669,it3.5_AM-07_Imid-02_CA-17,CCCCNC(=O)N1CCN(C(=O)c2cncc(Br)c2)CC1C,False
670,it3.5_AM-07_Imid-02_CA-19,CCCCNC(=O)N1CCN(C(=O)C#Cc2ccccc2)CC1C,False
672,it3.5_AM-07_Imid-02_CA-21,CCCCNC(=O)N1CCN(C(=O)CNC(=O)OC(C)(C)C)CC1C,False
673,it3.5_AM-07_Imid-02_CA-23,CCCCNC(=O)N1CCN(C(=O)c2cscn2)CC1C,False
674,it3.5_AM-07_Imid-02_CA-24,CCCCNC(=O)N1CCN(C(=O)c2ccno2)CC1C,False
675,it3.5_AM-07_Imid-02_CA-26,CCCCNC(=O)N1CCN(C(=O)c2sccc2O)CC1C,False
676,it3.5_AM-07_Imid-02_CA-27,CCCCNC(=O)N1CCN(C(=O)c2ccoc2C)CC1C,False
677,it3.5_AM-07_Imid-02_CA-29,CCCCNC(=O)N1CCN(C(=O)c2cc(C)c(C)o2)CC1C,False
678,it3.5_AM-07_Imid-02_CA-31,CCCCNC(=O)N1CCN(C(=O)c2ccc(Cl)o2)CC1C,False
679,it3.5_AM-07_Imid-02_CA-32,CCCCNC(=O)N1CCN(C(=O)c2ncco2)CC1C,False
680,it3.5_AM-08_Imid-02_CA-01,CC(C)NC(=O)N1CCN(C(=O)c2scc3c2OCCO3)CC1C,False
681,it3.5_AM-08_Imid-02_CA-02,CC(C)NC(=O)N1CCN(C(=O)c2cocn2)CC1C,False
682,it3.5_AM-08_Imid-02_CA-03,Cc1ccc(C(=O)N2CCN(C(=O)NC(C)C)C(C)C2)cc1N,False
683,it3.5_AM-08_Imid-02_CA-04,CC(C)NC(=O)N1CCN(C(=O)c2ccnn2C)CC1C,False
684,it3.5_AM-08_Imid-02_CA-05,COc1cccc(OC)c1C(=O)N1CCN(C(=O)NC(C)C)C(C)C1,False
685,it3.5_AM-08_Imid-02_CA-06,CC(C)NC(=O)N1CCN(C(=O)c2cn(C)cn2)CC1C,False
686,it3.5_AM-08_Imid-02_CA-07,CC(C)NC(=O)N1CCN(C(=O)c2ccccn2)CC1C,False
687,it3.5_AM-08_Imid-02_CA-08,CC(C)NC(=O)N1CCN(C(=O)c2ccc3ncsc3c2)CC1C,False
688,it3.5_AM-08_Imid-02_CA-10,CC(C)NC(=O)N1CCN(C(=O)c2c[nH]cn2)CC1C,False
689,it3.5_AM-08_Imid-02_CA-13,Cc1ccc(C(=O)N2CCN(C(=O)NC(C)C)C(C)C2)cc1,False
690,it3.5_AM-08_Imid-02_CA-14,CC(C)NC(=O)N1CCN(C(=O)c2cccn2C)CC1C,False
691,it3.5_AM-08_Imid-02_CA-15,COc1cccc(C(=O)N2CCN(C(=O)NC(C)C)C(C)C2)c1,False
692,it3.5_AM-08_Imid-02_CA-16,CC(C)NC(=O)N1CCN(C(=O)c2cccs2)CC1C,False
693,it3.5_AM-08_Imid-02_CA-17,CC(C)NC(=O)N1CCN(C(=O)c2cncc(Br)c2)CC1C,False
694,it3.5_AM-08_Imid-02_CA-18,CC(C)NC(=O)N1CCN(C(=O)c2ccc([N+](=O)[O-])o2)CC1C,False
695,it3.5_AM-08_Imid-02_CA-19,CC(C)NC(=O)N1CCN(C(=O)C#Cc2ccccc2)CC1C,False
696,it3.5_AM-08_Imid-02_CA-21,CC(C)NC(=O)N1CCN(C(=O)CNC(=O)OC(C)(C)C)CC1C,False
697,it3.5_AM-08_Imid-02_CA-22,CC(C)NC(=O)N1CCN(C(=O)c2ccoc2)CC1C,False
698,it3.5_AM-08_Imid-02_CA-23,CC(C)NC(=O)N1CCN(C(=O)c2cscn2)CC1C,False
699,it3.5_AM-08_Imid-02_CA-24,CC(C)NC(=O)N1CCN(C(=O)c2ccno2)CC1C,False
700,it3.5_AM-08_Imid-02_CA-27,Cc1occc1C(=O)N1CCN(C(=O)NC(C)C)C(C)C1,False
701,it3.5_AM-08_Imid-02_CA-29,Cc1cc(C(=O)N2CCN(C(=O)NC(C)C)C(C)C2)oc1C,False
702,it3.5_AM-08_Imid-02_CA-31,CC(C)NC(=O)N1CCN(C(=O)c2ccc(Cl)o2)CC1C,False
703,it3.5_AM-08_Imid-02_CA-32,CC(C)NC(=O)N1CCN(C(=O)c2ncco2)CC1C,False
704,it3.5_AM-01_Imid-01_CA-03,COCCNC(=O)N1CCN(C(=O)c2ccc(C)c(N)c2)CC1,False
706,it3.5_AM-01_Imid-01_CA-09,COCCNC(=O)N1CCN(C(=O)c2ccccc2O)CC1,False
707,it3.5_AM-01_Imid-01_CA-12,COCCNC(=O)N1CCN(C(=O)Cc2ccccc2)CC1,False
708,it3.5_AM-01_Imid-01_CA-25,COCCNC(=O)N1CCN(C(=O)c2ccc(C)o2)CC1,True
709,it3.5_AM-01_Imid-01_CA-27,COCCNC(=O)N1CCN(C(=O)c2ccoc2C)CC1,False
710,it3.5_AM-01_Imid-01_CA-29,COCCNC(=O)N1CCN(C(=O)c2cc(C)c(C)o2)CC1,False
711,it3.5_AM-01_Imid-01_CA-31,COCCNC(=O)N1CCN(C(=O)c2ccc(Cl)o2)CC1,True
712,it3.5_AM-02_Imid-01_CA-02,O=C(NCC1CC1)N1CCN(C(=O)c2cocn2)CC1,False
714,it3.5_AM-02_Imid-01_CA-09,O=C(NCC1CC1)N1CCN(C(=O)c2ccccc2O)CC1,False
715,it3.5_AM-02_Imid-01_CA-10,O=C(NCC1CC1)N1CCN(C(=O)c2c[nH]cn2)CC1,False
716,it3.5_AM-02_Imid-01_CA-12,O=C(Cc1ccccc1)N1CCN(C(=O)NCC2CC2)CC1,False
717,it3.5_AM-02_Imid-01_CA-17,O=C(NCC1CC1)N1CCN(C(=O)c2cncc(Br)c2)CC1,False
718,it3.5_AM-02_Imid-01_CA-18,O=C(NCC1CC1)N1CCN(C(=O)c2ccc([N+](=O)[O-])o2)CC1,False
719,it3.5_AM-02_Imid-01_CA-21,CC(C)(C)OC(=O)NCC(=O)N1CCN(C(=O)NCC2CC2)CC1,False
720,it3.5_AM-02_Imid-01_CA-22,O=C(NCC1CC1)N1CCN(C(=O)c2ccoc2)CC1,False
721,it3.5_AM-02_Imid-01_CA-23,O=C(NCC1CC1)N1CCN(C(=O)c2cscn2)CC1,False
722,it3.5_AM-02_Imid-01_CA-25,Cc1ccc(C(=O)N2CCN(C(=O)NCC3CC3)CC2)o1,True
724,it3.5_AM-02_Imid-01_CA-29,Cc1cc(C(=O)N2CCN(C(=O)NCC3CC3)CC2)oc1C,False
725,it3.5_AM-02_Imid-01_CA-30,O=C(NCC1CC1)N1CCN(C(=O)c2sccc2F)CC1,False
726,it3.5_AM-02_Imid-01_CA-31,O=C(NCC1CC1)N1CCN(C(=O)c2ccc(Cl)o2)CC1,True
727,it3.5_AM-03_Imid-01_CA-10,O=C(NCc1cccs1)N1CCN(C(=O)c2c[nH]cn2)CC1,False
728,it3.5_AM-03_Imid-01_CA-12,O=C(Cc1ccccc1)N1CCN(C(=O)NCc2cccs2)CC1,False
729,it3.5_AM-03_Imid-01_CA-22,O=C(NCc1cccs1)N1CCN(C(=O)c2ccoc2)CC1,False
730,it3.5_AM-03_Imid-01_CA-23,O=C(NCc1cccs1)N1CCN(C(=O)c2cscn2)CC1,False
732,it3.5_AM-03_Imid-01_CA-26,O=C(NCc1cccs1)N1CCN(C(=O)c2sccc2O)CC1,False
733,it3.5_AM-03_Imid-01_CA-27,Cc1occc1C(=O)N1CCN(C(=O)NCc2cccs2)CC1,False
734,it3.5_AM-03_Imid-01_CA-29,Cc1cc(C(=O)N2CCN(C(=O)NCc3cccs3)CC2)oc1C,False
735,it3.5_AM-03_Imid-01_CA-30,O=C(NCc1cccs1)N1CCN(C(=O)c2sccc2F)CC1,False
736,it3.5_AM-03_Imid-01_CA-31,O=C(NCc1cccs1)N1CCN(C(=O)c2ccc(Cl)o2)CC1,False
737,it3.5_AM-04_Imid-01_CA-01,O=C(NCC(F)(F)F)N1CCN(C(=O)c2scc3c2OCCO3)CC1,False
738,it3.5_AM-04_Imid-01_CA-02,O=C(NCC(F)(F)F)N1CCN(C(=O)c2cocn2)CC1,False
739,it3.5_AM-04_Imid-01_CA-03,Cc1ccc(C(=O)N2CCN(C(=O)NCC(F)(F)F)CC2)cc1N,False
740,it3.5_AM-04_Imid-01_CA-04,Cn1nccc1C(=O)N1CCN(C(=O)NCC(F)(F)F)CC1,False
741,it3.5_AM-04_Imid-01_CA-05,COc1cccc(OC)c1C(=O)N1CCN(C(=O)NCC(F)(F)F)CC1,False
743,it3.5_AM-04_Imid-01_CA-08,O=C(NCC(F)(F)F)N1CCN(C(=O)c2ccc3ncsc3c2)CC1,False
745,it3.5_AM-04_Imid-01_CA-10,O=C(NCC(F)(F)F)N1CCN(C(=O)c2c[nH]cn2)CC1,False
746,it3.5_AM-04_Imid-01_CA-12,O=C(Cc1ccccc1)N1CCN(C(=O)NCC(F)(F)F)CC1,False
747,it3.5_AM-04_Imid-01_CA-13,Cc1ccc(C(=O)N2CCN(C(=O)NCC(F)(F)F)CC2)cc1,False
748,it3.5_AM-04_Imid-01_CA-14,Cn1cccc1C(=O)N1CCN(C(=O)NCC(F)(F)F)CC1,False
749,it3.5_AM-04_Imid-01_CA-15,COc1cccc(C(=O)N2CCN(C(=O)NCC(F)(F)F)CC2)c1,False
751,it3.5_AM-04_Imid-01_CA-17,O=C(NCC(F)(F)F)N1CCN(C(=O)c2cncc(Br)c2)CC1,False
752,it3.5_AM-04_Imid-01_CA-18,O=C(NCC(F)(F)F)N1CCN(C(=O)c2ccc([N+](=O)[O-])o2)CC1,False
753,it3.5_AM-04_Imid-01_CA-19,O=C(C#Cc1ccccc1)N1CCN(C(=O)NCC(F)(F)F)CC1,False
754,it3.5_AM-04_Imid-01_CA-21,CC(C)(C)OC(=O)NCC(=O)N1CCN(C(=O)NCC(F)(F)F)CC1,False
755,it3.5_AM-04_Imid-01_CA-22,O=C(NCC(F)(F)F)N1CCN(C(=O)c2ccoc2)CC1,False
756,it3.5_AM-04_Imid-01_CA-23,O=C(NCC(F)(F)F)N1CCN(C(=O)c2cscn2)CC1,False
757,it3.5_AM-04_Imid-01_CA-24,O=C(NCC(F)(F)F)N1CCN(C(=O)c2ccno2)CC1,False
758,it3.5_AM-04_Imid-01_CA-25,Cc1ccc(C(=O)N2CCN(C(=O)NCC(F)(F)F)CC2)o1,True
759,it3.5_AM-04_Imid-01_CA-27,Cc1occc1C(=O)N1CCN(C(=O)NCC(F)(F)F)CC1,False
760,it3.5_AM-04_Imid-01_CA-29,Cc1cc(C(=O)N2CCN(C(=O)NCC(F)(F)F)CC2)oc1C,False
761,it3.5_AM-04_Imid-01_CA-30,O=C(NCC(F)(F)F)N1CCN(C(=O)c2sccc2F)CC1,False
762,it3.5_AM-04_Imid-01_CA-31,O=C(NCC(F)(F)F)N1CCN(C(=O)c2ccc(Cl)o2)CC1,True
763,it3.5_AM-04_Imid-01_CA-32,O=C(NCC(F)(F)F)N1CCN(C(=O)c2ncco2)CC1,False
764,it3.5_AM-05_Imid-01_CA-01,O=C(NCc1cccnc1)N1CCN(C(=O)c2scc3c2OCCO3)CC1,False
765,it3.5_AM-05_Imid-01_CA-03,Cc1ccc(C(=O)N2CCN(C(=O)NCc3cccnc3)CC2)cc1N,False
766,it3.5_AM-05_Imid-01_CA-05,COc1cccc(OC)c1C(=O)N1CCN(C(=O)NCc2cccnc2)CC1,False
767,it3.5_AM-05_Imid-01_CA-06,Cn1cnc(C(=O)N2CCN(C(=O)NCc3cccnc3)CC2)c1,False
768,it3.5_AM-05_Imid-01_CA-08,O=C(NCc1cccnc1)N1CCN(C(=O)c2ccc3ncsc3c2)CC1,False
769,it3.5_AM-05_Imid-01_CA-12,O=C(Cc1ccccc1)N1CCN(C(=O)NCc2cccnc2)CC1,False
770,it3.5_AM-05_Imid-01_CA-15,COc1cccc(C(=O)N2CCN(C(=O)NCc3cccnc3)CC2)c1,False
771,it3.5_AM-05_Imid-01_CA-16,O=C(NCc1cccnc1)N1CCN(C(=O)c2cccs2)CC1,True
772,it3.5_AM-05_Imid-01_CA-17,O=C(NCc1cccnc1)N1CCN(C(=O)c2cncc(Br)c2)CC1,False
773,it3.5_AM-05_Imid-01_CA-19,O=C(C#Cc1ccccc1)N1CCN(C(=O)NCc2cccnc2)CC1,False
774,it3.5_AM-05_Imid-01_CA-22,O=C(NCc1cccnc1)N1CCN(C(=O)c2ccoc2)CC1,False
775,it3.5_AM-05_Imid-01_CA-25,Cc1ccc(C(=O)N2CCN(C(=O)NCc3cccnc3)CC2)o1,True
776,it3.5_AM-05_Imid-01_CA-29,Cc1cc(C(=O)N2CCN(C(=O)NCc3cccnc3)CC2)oc1C,False
777,it3.5_AM-05_Imid-01_CA-30,O=C(NCc1cccnc1)N1CCN(C(=O)c2sccc2F)CC1,False
778,it3.5_AM-05_Imid-01_CA-31,O=C(NCc1cccnc1)N1CCN(C(=O)c2ccc(Cl)o2)CC1,False
779,it3.5_AM-05_Imid-01_CA-32,O=C(NCc1cccnc1)N1CCN(C(=O)c2ncco2)CC1,False
780,it3.5_AM-06_Imid-01_CA-03,COc1ccc(NC(=O)N2CCN(C(=O)c3ccc(C)c(N)c3)CC2)cc1,False
781,it3.5_AM-06_Imid-01_CA-04,COc1ccc(NC(=O)N2CCN(C(=O)c3ccnn3C)CC2)cc1,False
782,it3.5_AM-06_Imid-01_CA-12,COc1ccc(NC(=O)N2CCN(C(=O)Cc3ccccc3)CC2)cc1,False
783,it3.5_AM-06_Imid-01_CA-13,COc1ccc(NC(=O)N2CCN(C(=O)c3ccc(C)cc3)CC2)cc1,False
785,it3.5_AM-06_Imid-01_CA-15,COc1ccc(NC(=O)N2CCN(C(=O)c3cccc(OC)c3)CC2)cc1,False
786,it3.5_AM-06_Imid-01_CA-17,COc1ccc(NC(=O)N2CCN(C(=O)c3cncc(Br)c3)CC2)cc1,False
787,it3.5_AM-06_Imid-01_CA-19,COc1ccc(NC(=O)N2CCN(C(=O)C#Cc3ccccc3)CC2)cc1,False
790,it3.5_AM-06_Imid-01_CA-27,COc1ccc(NC(=O)N2CCN(C(=O)c3ccoc3C)CC2)cc1,False
791,it3.5_AM-06_Imid-01_CA-29,COc1ccc(NC(=O)N2CCN(C(=O)c3cc(C)c(C)o3)CC2)cc1,False
793,it3.5_AM-06_Imid-01_CA-32,COc1ccc(NC(=O)N2CCN(C(=O)c3ncco3)CC2)cc1,False
794,it3.5_AM-07_Imid-01_CA-01,CCCCNC(=O)N1CCN(C(=O)c2scc3c2OCCO3)CC1,False
795,it3.5_AM-07_Imid-01_CA-02,CCCCNC(=O)N1CCN(C(=O)c2cocn2)CC1,False
796,it3.5_AM-07_Imid-01_CA-03,CCCCNC(=O)N1CCN(C(=O)c2ccc(C)c(N)c2)CC1,False
797,it3.5_AM-07_Imid-01_CA-04,CCCCNC(=O)N1CCN(C(=O)c2ccnn2C)CC1,False
798,it3.5_AM-07_Imid-01_CA-06,CCCCNC(=O)N1CCN(C(=O)c2cn(C)cn2)CC1,False
800,it3.5_AM-07_Imid-01_CA-08,CCCCNC(=O)N1CCN(C(=O)c2ccc3ncsc3c2)CC1,False
801,it3.5_AM-07_Imid-01_CA-10,CCCCNC(=O)N1CCN(C(=O)c2c[nH]cn2)CC1,False
802,it3.5_AM-07_Imid-01_CA-12,CCCCNC(=O)N1CCN(C(=O)Cc2ccccc2)CC1,False
803,it3.5_AM-07_Imid-01_CA-13,CCCCNC(=O)N1CCN(C(=O)c2ccc(C)cc2)CC1,False
804,it3.5_AM-07_Imid-01_CA-15,CCCCNC(=O)N1CCN(C(=O)c2cccc(OC)c2)CC1,False
806,it3.5_AM-07_Imid-01_CA-17,CCCCNC(=O)N1CCN(C(=O)c2cncc(Br)c2)CC1,False
807,it3.5_AM-07_Imid-01_CA-18,CCCCNC(=O)N1CCN(C(=O)c2ccc([N+](=O)[O-])o2)CC1,False
808,it3.5_AM-07_Imid-01_CA-19,CCCCNC(=O)N1CCN(C(=O)C#Cc2ccccc2)CC1,False
809,it3.5_AM-07_Imid-01_CA-22,CCCCNC(=O)N1CCN(C(=O)c2ccoc2)CC1,False
810,it3.5_AM-07_Imid-01_CA-23,CCCCNC(=O)N1CCN(C(=O)c2cscn2)CC1,False
811,it3.5_AM-07_Imid-01_CA-24,CCCCNC(=O)N1CCN(C(=O)c2ccno2)CC1,False
813,it3.5_AM-07_Imid-01_CA-30,CCCCNC(=O)N1CCN(C(=O)c2sccc2F)CC1,False
814,it3.5_AM-07_Imid-01_CA-32,CCCCNC(=O)N1CCN(C(=O)c2ncco2)CC1,False
815,it3.5_AM-08_Imid-01_CA-01,CC(C)NC(=O)N1CCN(C(=O)c2scc3c2OCCO3)CC1,False
819,it3.5_AM-08_Imid-01_CA-08,CC(C)NC(=O)N1CCN(C(=O)c2ccc3ncsc3c2)CC1,False
820,it3.5_AM-08_Imid-01_CA-10,CC(C)NC(=O)N1CCN(C(=O)c2c[nH]cn2)CC1,False
821,it3.5_AM-08_Imid-01_CA-12,CC(C)NC(=O)N1CCN(C(=O)Cc2ccccc2)CC1,False
822,it3.5_AM-08_Imid-01_CA-13,Cc1ccc(C(=O)N2CCN(C(=O)NC(C)C)CC2)cc1,False
824,it3.5_AM-08_Imid-01_CA-15,COc1cccc(C(=O)N2CCN(C(=O)NC(C)C)CC2)c1,False
826,it3.5_AM-08_Imid-01_CA-17,CC(C)NC(=O)N1CCN(C(=O)c2cncc(Br)c2)CC1,False
828,it3.5_AM-08_Imid-01_CA-19,CC(C)NC(=O)N1CCN(C(=O)C#Cc2ccccc2)CC1,False
829,it3.5_AM-08_Imid-01_CA-22,CC(C)NC(=O)N1CCN(C(=O)c2ccoc2)CC1,False
831,it3.5_AM-08_Imid-01_CA-24,CC(C)NC(=O)N1CCN(C(=O)c2ccno2)CC1,False
832,it3.5_AM-08_Imid-01_CA-32,CC(C)NC(=O)N1CCN(C(=O)c2ncco2)CC1,False
833,it4.2_AM-01_Imid-01_SO2Cl-01_AM-SO2Cl-01,COCCNC(=O)N1CCN(C(=O)c2ccc(S(=O)(=O)NCCOC)o2)CC1,False
834,it4.2_AM-01_Imid-01_SO2Cl-01_AM-SO2Cl-02,COCCNC(=O)N1CCN(C(=O)c2ccc(S(=O)(=O)NCC3CC3)o2)CC1,False
835,it4.2_AM-01_Imid-01_SO2Cl-01_AM-SO2Cl-03,COCCNC(=O)N1CCN(C(=O)c2ccc(S(=O)(=O)NCC(F)(F)F)o2)CC1,False
836,it4.2_AM-01_Imid-01_SO2Cl-01_AM-SO2Cl-04,COCCNC(=O)N1CCN(C(=O)c2ccc(S(=O)(=O)NCc3cccs3)o2)CC1,False
837,it4.2_AM-01_Imid-01_SO2Cl-01_AM-SO2Cl-05,COCCNC(=O)N1CCN(C(=O)c2ccc(S(=O)(=O)N(C)Cc3ccc(C)o3)o2)CC1,False
838,it4.2_AM-01_Imid-01_SO2Cl-01_AM-SO2Cl-06,COCCNC(=O)N1CCN(C(=O)c2ccc(S(=O)(=O)Nc3cc(C)on3)o2)CC1,False
839,it4.2_AM-01_Imid-01_SO2Cl-01_AM-SO2Cl-07,COCCNC(=O)N1CCN(C(=O)c2ccc(S(=O)(=O)NCC3CCCO3)o2)CC1,False
840,it4.2_AM-01_Imid-01_SO2Cl-01_AM-SO2Cl-09,COCCNC(=O)N1CCN(C(=O)c2ccc(S(=O)(=O)NCc3cccnc3)o2)CC1,False
841,it4.2_AM-01_Imid-01_SO2Cl-01_AM-SO2Cl-10,C#CCNS(=O)(=O)c1ccc(C(=O)N2CCN(C(=O)NCCOC)CC2)o1,False
842,it4.2_AM-01_Imid-01_SO2Cl-01_AM-SO2Cl-11,COCCNC(=O)N1CCN(C(=O)c2ccc(S(=O)(=O)NC3CCCC3)o2)CC1,False
843,it4.2_AM-01_Imid-01_SO2Cl-01_AM-SO2Cl-12,COCCNC(=O)N1CCN(C(=O)c2ccc(S(=O)(=O)NC3CC3)o2)CC1,False
844,it4.2_AM-01_Imid-01_SO2Cl-01_AM-SO2Cl-13,COCCNC(=O)N1CCN(C(=O)c2ccc(S(=O)(=O)N3CCSCC3)o2)CC1,False
845,it4.2_AM-01_Imid-01_SO2Cl-01_AM-SO2Cl-16,COCCNC(=O)N1CCN(C(=O)c2ccc(S(=O)(=O)Nc3ccc(F)cc3F)o2)CC1,False
846,it4.2_AM-01_Imid-01_SO2Cl-01_AM-SO2Cl-17,COCCNC(=O)N1CCN(C(=O)c2ccc(S(=O)(=O)NCCC(C)C)o2)CC1,False
847,it4.2_AM-01_Imid-01_SO2Cl-01_AM-SO2Cl-18,COCCNC(=O)N1CCN(C(=O)c2ccc(S(=O)(=O)NCc3ccccc3)o2)CC1,False
848,it4.2_AM-01_Imid-01_SO2Cl-01_AM-SO2Cl-20,COCCNC(=O)N1CCN(C(=O)c2ccc(S(=O)(=O)N(C)CCN(C)C)o2)CC1,False
849,it4.2_AM-02_Imid-01_SO2Cl-01_AM-SO2Cl-01,COCCNS(=O)(=O)c1ccc(C(=O)N2CCN(C(=O)NCC3CC3)CC2)o1,False
850,it4.2_AM-02_Imid-01_SO2Cl-01_AM-SO2Cl-02,O=C(NCC1CC1)N1CCN(C(=O)c2ccc(S(=O)(=O)NCC3CC3)o2)CC1,False
851,it4.2_AM-02_Imid-01_SO2Cl-01_AM-SO2Cl-03,O=C(NCC1CC1)N1CCN(C(=O)c2ccc(S(=O)(=O)NCC(F)(F)F)o2)CC1,False
852,it4.2_AM-02_Imid-01_SO2Cl-01_AM-SO2Cl-04,O=C(NCC1CC1)N1CCN(C(=O)c2ccc(S(=O)(=O)NCc3cccs3)o2)CC1,False
853,it4.2_AM-02_Imid-01_SO2Cl-01_AM-SO2Cl-05,Cc1ccc(CN(C)S(=O)(=O)c2ccc(C(=O)N3CCN(C(=O)NCC4CC4)CC3)o2)o1,False
854,it4.2_AM-02_Imid-01_SO2Cl-01_AM-SO2Cl-06,Cc1cc(NS(=O)(=O)c2ccc(C(=O)N3CCN(C(=O)NCC4CC4)CC3)o2)no1,False
855,it4.2_AM-02_Imid-01_SO2Cl-01_AM-SO2Cl-07,O=C(NCC1CC1)N1CCN(C(=O)c2ccc(S(=O)(=O)NCC3CCCO3)o2)CC1,False
856,it4.2_AM-02_Imid-01_SO2Cl-01_AM-SO2Cl-08,O=C(NCC1CC1)N1CCN(C(=O)c2ccc(S(=O)(=O)NCCO)o2)CC1,False
857,it4.2_AM-02_Imid-01_SO2Cl-01_AM-SO2Cl-09,O=C(NCC1CC1)N1CCN(C(=O)c2ccc(S(=O)(=O)NCc3cccnc3)o2)CC1,False
858,it4.2_AM-02_Imid-01_SO2Cl-01_AM-SO2Cl-10,C#CCNS(=O)(=O)c1ccc(C(=O)N2CCN(C(=O)NCC3CC3)CC2)o1,False
859,it4.2_AM-02_Imid-01_SO2Cl-01_AM-SO2Cl-11,O=C(NCC1CC1)N1CCN(C(=O)c2ccc(S(=O)(=O)NC3CCCC3)o2)CC1,False
860,it4.2_AM-02_Imid-01_SO2Cl-01_AM-SO2Cl-12,O=C(NCC1CC1)N1CCN(C(=O)c2ccc(S(=O)(=O)NC3CC3)o2)CC1,False
861,it4.2_AM-02_Imid-01_SO2Cl-01_AM-SO2Cl-13,O=C(NCC1CC1)N1CCN(C(=O)c2ccc(S(=O)(=O)N3CCSCC3)o2)CC1,False
862,it4.2_AM-02_Imid-01_SO2Cl-01_AM-SO2Cl-16,O=C(NCC1CC1)N1CCN(C(=O)c2ccc(S(=O)(=O)Nc3ccc(F)cc3F)o2)CC1,False
863,it4.2_AM-02_Imid-01_SO2Cl-01_AM-SO2Cl-17,CC(C)CCNS(=O)(=O)c1ccc(C(=O)N2CCN(C(=O)NCC3CC3)CC2)o1,False
864,it4.2_AM-02_Imid-01_SO2Cl-01_AM-SO2Cl-18,O=C(NCC1CC1)N1CCN(C(=O)c2ccc(S(=O)(=O)NCc3ccccc3)o2)CC1,False
865,it4.2_AM-02_Imid-01_SO2Cl-01_AM-SO2Cl-20,CN(C)CCN(C)S(=O)(=O)c1ccc(C(=O)N2CCN(C(=O)NCC3CC3)CC2)o1,False
866,it4.2_AM-03_Imid-01_SO2Cl-01_AM-SO2Cl-01,COCCNS(=O)(=O)c1ccc(C(=O)N2CCN(C(=O)NCc3cccs3)CC2)o1,False
867,it4.2_AM-03_Imid-01_SO2Cl-01_AM-SO2Cl-02,O=C(NCc1cccs1)N1CCN(C(=O)c2ccc(S(=O)(=O)NCC3CC3)o2)CC1,False
868,it4.2_AM-03_Imid-01_SO2Cl-01_AM-SO2Cl-03,O=C(NCc1cccs1)N1CCN(C(=O)c2ccc(S(=O)(=O)NCC(F)(F)F)o2)CC1,False
869,it4.2_AM-03_Imid-01_SO2Cl-01_AM-SO2Cl-04,O=C(NCc1cccs1)N1CCN(C(=O)c2ccc(S(=O)(=O)NCc3cccs3)o2)CC1,False
870,it4.2_AM-03_Imid-01_SO2Cl-01_AM-SO2Cl-05,Cc1ccc(CN(C)S(=O)(=O)c2ccc(C(=O)N3CCN(C(=O)NCc4cccs4)CC3)o2)o1,False
871,it4.2_AM-03_Imid-01_SO2Cl-01_AM-SO2Cl-06,Cc1cc(NS(=O)(=O)c2ccc(C(=O)N3CCN(C(=O)NCc4cccs4)CC3)o2)no1,False
872,it4.2_AM-03_Imid-01_SO2Cl-01_AM-SO2Cl-07,O=C(NCc1cccs1)N1CCN(C(=O)c2ccc(S(=O)(=O)NCC3CCCO3)o2)CC1,False
873,it4.2_AM-03_Imid-01_SO2Cl-01_AM-SO2Cl-08,O=C(NCc1cccs1)N1CCN(C(=O)c2ccc(S(=O)(=O)NCCO)o2)CC1,False
874,it4.2_AM-03_Imid-01_SO2Cl-01_AM-SO2Cl-09,O=C(NCc1cccs1)N1CCN(C(=O)c2ccc(S(=O)(=O)NCc3cccnc3)o2)CC1,False
875,it4.2_AM-03_Imid-01_SO2Cl-01_AM-SO2Cl-10,C#CCNS(=O)(=O)c1ccc(C(=O)N2CCN(C(=O)NCc3cccs3)CC2)o1,False
876,it4.2_AM-03_Imid-01_SO2Cl-01_AM-SO2Cl-11,O=C(NCc1cccs1)N1CCN(C(=O)c2ccc(S(=O)(=O)NC3CCCC3)o2)CC1,False
877,it4.2_AM-03_Imid-01_SO2Cl-01_AM-SO2Cl-12,O=C(NCc1cccs1)N1CCN(C(=O)c2ccc(S(=O)(=O)NC3CC3)o2)CC1,False
878,it4.2_AM-03_Imid-01_SO2Cl-01_AM-SO2Cl-13,O=C(NCc1cccs1)N1CCN(C(=O)c2ccc(S(=O)(=O)N3CCSCC3)o2)CC1,False
879,it4.2_AM-03_Imid-01_SO2Cl-01_AM-SO2Cl-16,O=C(NCc1cccs1)N1CCN(C(=O)c2ccc(S(=O)(=O)Nc3ccc(F)cc3F)o2)CC1,False
880,it4.2_AM-03_Imid-01_SO2Cl-01_AM-SO2Cl-17,CC(C)CCNS(=O)(=O)c1ccc(C(=O)N2CCN(C(=O)NCc3cccs3)CC2)o1,False
881,it4.2_AM-03_Imid-01_SO2Cl-01_AM-SO2Cl-18,O=C(NCc1cccs1)N1CCN(C(=O)c2ccc(S(=O)(=O)NCc3ccccc3)o2)CC1,False
882,it4.2_AM-03_Imid-01_SO2Cl-01_AM-SO2Cl-20,CN(C)CCN(C)S(=O)(=O)c1ccc(C(=O)N2CCN(C(=O)NCc3cccs3)CC2)o1,False
883,it4.2_AM-04_Imid-01_SO2Cl-01_AM-SO2Cl-01,COCCNS(=O)(=O)c1ccc(C(=O)N2CCN(C(=O)NCC(F)(F)F)CC2)o1,False
884,it4.2_AM-04_Imid-01_SO2Cl-01_AM-SO2Cl-02,O=C(NCC(F)(F)F)N1CCN(C(=O)c2ccc(S(=O)(=O)NCC3CC3)o2)CC1,False
885,it4.2_AM-04_Imid-01_SO2Cl-01_AM-SO2Cl-03,O=C(NCC(F)(F)F)N1CCN(C(=O)c2ccc(S(=O)(=O)NCC(F)(F)F)o2)CC1,False
886,it4.2_AM-04_Imid-01_SO2Cl-01_AM-SO2Cl-04,O=C(NCC(F)(F)F)N1CCN(C(=O)c2ccc(S(=O)(=O)NCc3cccs3)o2)CC1,False
887,it4.2_AM-04_Imid-01_SO2Cl-01_AM-SO2Cl-07,O=C(NCC(F)(F)F)N1CCN(C(=O)c2ccc(S(=O)(=O)NCC3CCCO3)o2)CC1,False
888,it4.2_AM-04_Imid-01_SO2Cl-01_AM-SO2Cl-08,O=C(NCC(F)(F)F)N1CCN(C(=O)c2ccc(S(=O)(=O)NCCO)o2)CC1,False
889,it4.2_AM-04_Imid-01_SO2Cl-01_AM-SO2Cl-10,C#CCNS(=O)(=O)c1ccc(C(=O)N2CCN(C(=O)NCC(F)(F)F)CC2)o1,False
890,it4.2_AM-04_Imid-01_SO2Cl-01_AM-SO2Cl-11,O=C(NCC(F)(F)F)N1CCN(C(=O)c2ccc(S(=O)(=O)NC3CCCC3)o2)CC1,False
891,it4.2_AM-04_Imid-01_SO2Cl-01_AM-SO2Cl-12,O=C(NCC(F)(F)F)N1CCN(C(=O)c2ccc(S(=O)(=O)NC3CC3)o2)CC1,False
892,it4.2_AM-04_Imid-01_SO2Cl-01_AM-SO2Cl-13,O=C(NCC(F)(F)F)N1CCN(C(=O)c2ccc(S(=O)(=O)N3CCSCC3)o2)CC1,False
893,it4.2_AM-04_Imid-01_SO2Cl-01_AM-SO2Cl-16,O=C(NCC(F)(F)F)N1CCN(C(=O)c2ccc(S(=O)(=O)Nc3ccc(F)cc3F)o2)CC1,False
894,it4.2_AM-04_Imid-01_SO2Cl-01_AM-SO2Cl-17,CC(C)CCNS(=O)(=O)c1ccc(C(=O)N2CCN(C(=O)NCC(F)(F)F)CC2)o1,False
895,it4.2_AM-04_Imid-01_SO2Cl-01_AM-SO2Cl-18,O=C(NCC(F)(F)F)N1CCN(C(=O)c2ccc(S(=O)(=O)NCc3ccccc3)o2)CC1,False
896,it4.2_AM-04_Imid-01_SO2Cl-01_AM-SO2Cl-19,CS(=O)(=O)N1CCN(S(=O)(=O)c2ccc(C(=O)N3CCN(C(=O)NCC(F)(F)F)CC3)o2)CC1,False
897,it4.2_AM-04_Imid-01_SO2Cl-01_AM-SO2Cl-20,CN(C)CCN(C)S(=O)(=O)c1ccc(C(=O)N2CCN(C(=O)NCC(F)(F)F)CC2)o1,False
898,it4.2_AM-05_Imid-01_SO2Cl-01_AM-SO2Cl-01,COCCNS(=O)(=O)c1ccc(C(=O)N2CCN(C(=O)NCc3cccnc3)CC2)o1,False
899,it4.2_AM-05_Imid-01_SO2Cl-01_AM-SO2Cl-02,O=C(NCc1cccnc1)N1CCN(C(=O)c2ccc(S(=O)(=O)NCC3CC3)o2)CC1,False
900,it4.2_AM-05_Imid-01_SO2Cl-01_AM-SO2Cl-03,O=C(NCc1cccnc1)N1CCN(C(=O)c2ccc(S(=O)(=O)NCC(F)(F)F)o2)CC1,False
901,it4.2_AM-05_Imid-01_SO2Cl-01_AM-SO2Cl-04,O=C(NCc1cccnc1)N1CCN(C(=O)c2ccc(S(=O)(=O)NCc3cccs3)o2)CC1,False
902,it4.2_AM-05_Imid-01_SO2Cl-01_AM-SO2Cl-05,Cc1ccc(CN(C)S(=O)(=O)c2ccc(C(=O)N3CCN(C(=O)NCc4cccnc4)CC3)o2)o1,False
903,it4.2_AM-05_Imid-01_SO2Cl-01_AM-SO2Cl-07,O=C(NCc1cccnc1)N1CCN(C(=O)c2ccc(S(=O)(=O)NCC3CCCO3)o2)CC1,False
904,it4.2_AM-05_Imid-01_SO2Cl-01_AM-SO2Cl-09,O=C(NCc1cccnc1)N1CCN(C(=O)c2ccc(S(=O)(=O)NCc3cccnc3)o2)CC1,False
905,it4.2_AM-05_Imid-01_SO2Cl-01_AM-SO2Cl-10,C#CCNS(=O)(=O)c1ccc(C(=O)N2CCN(C(=O)NCc3cccnc3)CC2)o1,False
906,it4.2_AM-05_Imid-01_SO2Cl-01_AM-SO2Cl-11,O=C(NCc1cccnc1)N1CCN(C(=O)c2ccc(S(=O)(=O)NC3CCCC3)o2)CC1,False
907,it4.2_AM-05_Imid-01_SO2Cl-01_AM-SO2Cl-12,O=C(NCc1cccnc1)N1CCN(C(=O)c2ccc(S(=O)(=O)NC3CC3)o2)CC1,False
908,it4.2_AM-05_Imid-01_SO2Cl-01_AM-SO2Cl-13,O=C(NCc1cccnc1)N1CCN(C(=O)c2ccc(S(=O)(=O)N3CCSCC3)o2)CC1,False
909,it4.2_AM-05_Imid-01_SO2Cl-01_AM-SO2Cl-16,O=C(NCc1cccnc1)N1CCN(C(=O)c2ccc(S(=O)(=O)Nc3ccc(F)cc3F)o2)CC1,False
910,it4.2_AM-05_Imid-01_SO2Cl-01_AM-SO2Cl-17,CC(C)CCNS(=O)(=O)c1ccc(C(=O)N2CCN(C(=O)NCc3cccnc3)CC2)o1,False
911,it4.2_AM-05_Imid-01_SO2Cl-01_AM-SO2Cl-18,O=C(NCc1cccnc1)N1CCN(C(=O)c2ccc(S(=O)(=O)NCc3ccccc3)o2)CC1,False
912,it4.2_AM-06_Imid-01_SO2Cl-01_AM-SO2Cl-01,COCCNS(=O)(=O)c1ccc(C(=O)N2CCN(C(=O)Nc3ccc(OC)cc3)CC2)o1,False
913,it4.2_AM-06_Imid-01_SO2Cl-01_AM-SO2Cl-02,COc1ccc(NC(=O)N2CCN(C(=O)c3ccc(S(=O)(=O)NCC4CC4)o3)CC2)cc1,False
914,it4.2_AM-06_Imid-01_SO2Cl-01_AM-SO2Cl-03,COc1ccc(NC(=O)N2CCN(C(=O)c3ccc(S(=O)(=O)NCC(F)(F)F)o3)CC2)cc1,False
915,it4.2_AM-06_Imid-01_SO2Cl-01_AM-SO2Cl-04,COc1ccc(NC(=O)N2CCN(C(=O)c3ccc(S(=O)(=O)NCc4cccs4)o3)CC2)cc1,False
916,it4.2_AM-06_Imid-01_SO2Cl-01_AM-SO2Cl-06,COc1ccc(NC(=O)N2CCN(C(=O)c3ccc(S(=O)(=O)Nc4cc(C)on4)o3)CC2)cc1,False
917,it4.2_AM-06_Imid-01_SO2Cl-01_AM-SO2Cl-07,COc1ccc(NC(=O)N2CCN(C(=O)c3ccc(S(=O)(=O)NCC4CCCO4)o3)CC2)cc1,False
918,it4.2_AM-06_Imid-01_SO2Cl-01_AM-SO2Cl-09,COc1ccc(NC(=O)N2CCN(C(=O)c3ccc(S(=O)(=O)NCc4cccnc4)o3)CC2)cc1,False
919,it4.2_AM-06_Imid-01_SO2Cl-01_AM-SO2Cl-10,C#CCNS(=O)(=O)c1ccc(C(=O)N2CCN(C(=O)Nc3ccc(OC)cc3)CC2)o1,False
920,it4.2_AM-06_Imid-01_SO2Cl-01_AM-SO2Cl-11,COc1ccc(NC(=O)N2CCN(C(=O)c3ccc(S(=O)(=O)NC4CCCC4)o3)CC2)cc1,False
922,it4.2_AM-06_Imid-01_SO2Cl-01_AM-SO2Cl-13,COc1ccc(NC(=O)N2CCN(C(=O)c3ccc(S(=O)(=O)N4CCSCC4)o3)CC2)cc1,False
923,it4.2_AM-06_Imid-01_SO2Cl-01_AM-SO2Cl-16,COc1ccc(NC(=O)N2CCN(C(=O)c3ccc(S(=O)(=O)Nc4ccc(F)cc4F)o3)CC2)cc1,False
924,it4.2_AM-06_Imid-01_SO2Cl-01_AM-SO2Cl-17,COc1ccc(NC(=O)N2CCN(C(=O)c3ccc(S(=O)(=O)NCCC(C)C)o3)CC2)cc1,False
925,it4.2_AM-06_Imid-01_SO2Cl-01_AM-SO2Cl-18,COc1ccc(NC(=O)N2CCN(C(=O)c3ccc(S(=O)(=O)NCc4ccccc4)o3)CC2)cc1,False
926,it4.2_AM-06_Imid-01_SO2Cl-01_AM-SO2Cl-19,COc1ccc(NC(=O)N2CCN(C(=O)c3ccc(S(=O)(=O)N4CCN(S(C)(=O)=O)CC4)o3)CC2)cc1,False
927,it4.2_AM-06_Imid-01_SO2Cl-01_AM-SO2Cl-20,COc1ccc(NC(=O)N2CCN(C(=O)c3ccc(S(=O)(=O)N(C)CCN(C)C)o3)CC2)cc1,False
928,it4.2_AM-07_Imid-01_SO2Cl-01_AM-SO2Cl-01,CCCCNC(=O)N1CCN(C(=O)c2ccc(S(=O)(=O)NCCOC)o2)CC1,False
929,it4.2_AM-07_Imid-01_SO2Cl-01_AM-SO2Cl-02,CCCCNC(=O)N1CCN(C(=O)c2ccc(S(=O)(=O)NCC3CC3)o2)CC1,False
930,it4.2_AM-07_Imid-01_SO2Cl-01_AM-SO2Cl-03,CCCCNC(=O)N1CCN(C(=O)c2ccc(S(=O)(=O)NCC(F)(F)F)o2)CC1,False
931,it4.2_AM-07_Imid-01_SO2Cl-01_AM-SO2Cl-04,CCCCNC(=O)N1CCN(C(=O)c2ccc(S(=O)(=O)NCc3cccs3)o2)CC1,False
932,it4.2_AM-07_Imid-01_SO2Cl-01_AM-SO2Cl-05,CCCCNC(=O)N1CCN(C(=O)c2ccc(S(=O)(=O)N(C)Cc3ccc(C)o3)o2)CC1,False
933,it4.2_AM-07_Imid-01_SO2Cl-01_AM-SO2Cl-06,CCCCNC(=O)N1CCN(C(=O)c2ccc(S(=O)(=O)Nc3cc(C)on3)o2)CC1,False
934,it4.2_AM-07_Imid-01_SO2Cl-01_AM-SO2Cl-07,CCCCNC(=O)N1CCN(C(=O)c2ccc(S(=O)(=O)NCC3CCCO3)o2)CC1,False
935,it4.2_AM-07_Imid-01_SO2Cl-01_AM-SO2Cl-08,CCCCNC(=O)N1CCN(C(=O)c2ccc(S(=O)(=O)NCCO)o2)CC1,False
936,it4.2_AM-07_Imid-01_SO2Cl-01_AM-SO2Cl-09,CCCCNC(=O)N1CCN(C(=O)c2ccc(S(=O)(=O)NCc3cccnc3)o2)CC1,False
937,it4.2_AM-07_Imid-01_SO2Cl-01_AM-SO2Cl-10,C#CCNS(=O)(=O)c1ccc(C(=O)N2CCN(C(=O)NCCCC)CC2)o1,False
938,it4.2_AM-07_Imid-01_SO2Cl-01_AM-SO2Cl-11,CCCCNC(=O)N1CCN(C(=O)c2ccc(S(=O)(=O)NC3CCCC3)o2)CC1,False
939,it4.2_AM-07_Imid-01_SO2Cl-01_AM-SO2Cl-12,CCCCNC(=O)N1CCN(C(=O)c2ccc(S(=O)(=O)NC3CC3)o2)CC1,False
940,it4.2_AM-07_Imid-01_SO2Cl-01_AM-SO2Cl-13,CCCCNC(=O)N1CCN(C(=O)c2ccc(S(=O)(=O)N3CCSCC3)o2)CC1,False
941,it4.2_AM-07_Imid-01_SO2Cl-01_AM-SO2Cl-16,CCCCNC(=O)N1CCN(C(=O)c2ccc(S(=O)(=O)Nc3ccc(F)cc3F)o2)CC1,False
942,it4.2_AM-07_Imid-01_SO2Cl-01_AM-SO2Cl-17,CCCCNC(=O)N1CCN(C(=O)c2ccc(S(=O)(=O)NCCC(C)C)o2)CC1,False
943,it4.2_AM-07_Imid-01_SO2Cl-01_AM-SO2Cl-18,CCCCNC(=O)N1CCN(C(=O)c2ccc(S(=O)(=O)NCc3ccccc3)o2)CC1,False
944,it4.2_AM-07_Imid-01_SO2Cl-01_AM-SO2Cl-19,CCCCNC(=O)N1CCN(C(=O)c2ccc(S(=O)(=O)N3CCN(S(C)(=O)=O)CC3)o2)CC1,False
945,it4.2_AM-07_Imid-01_SO2Cl-01_AM-SO2Cl-20,CCCCNC(=O)N1CCN(C(=O)c2ccc(S(=O)(=O)N(C)CCN(C)C)o2)CC1,False
946,it4.2_AM-08_Imid-01_SO2Cl-01_AM-SO2Cl-01,COCCNS(=O)(=O)c1ccc(C(=O)N2CCN(C(=O)NC(C)C)CC2)o1,False
947,it4.2_AM-08_Imid-01_SO2Cl-01_AM-SO2Cl-02,CC(C)NC(=O)N1CCN(C(=O)c2ccc(S(=O)(=O)NCC3CC3)o2)CC1,False
948,it4.2_AM-08_Imid-01_SO2Cl-01_AM-SO2Cl-03,CC(C)NC(=O)N1CCN(C(=O)c2ccc(S(=O)(=O)NCC(F)(F)F)o2)CC1,False
949,it4.2_AM-08_Imid-01_SO2Cl-01_AM-SO2Cl-04,CC(C)NC(=O)N1CCN(C(=O)c2ccc(S(=O)(=O)NCc3cccs3)o2)CC1,False
950,it4.2_AM-08_Imid-01_SO2Cl-01_AM-SO2Cl-07,CC(C)NC(=O)N1CCN(C(=O)c2ccc(S(=O)(=O)NCC3CCCO3)o2)CC1,False
951,it4.2_AM-08_Imid-01_SO2Cl-01_AM-SO2Cl-11,CC(C)NC(=O)N1CCN(C(=O)c2ccc(S(=O)(=O)NC3CCCC3)o2)CC1,False
953,it4.2_AM-08_Imid-01_SO2Cl-01_AM-SO2Cl-13,CC(C)NC(=O)N1CCN(C(=O)c2ccc(S(=O)(=O)N3CCSCC3)o2)CC1,False
954,it4.2_AM-08_Imid-01_SO2Cl-01_AM-SO2Cl-16,CC(C)NC(=O)N1CCN(C(=O)c2ccc(S(=O)(=O)Nc3ccc(F)cc3F)o2)CC1,False
955,it4.2_AM-08_Imid-01_SO2Cl-01_AM-SO2Cl-17,CC(C)CCNS(=O)(=O)c1ccc(C(=O)N2CCN(C(=O)NC(C)C)CC2)o1,False
956,it4.2_AM-08_Imid-01_SO2Cl-01_AM-SO2Cl-18,CC(C)NC(=O)N1CCN(C(=O)c2ccc(S(=O)(=O)NCc3ccccc3)o2)CC1,False
